Date,High,Low,Open,Close,Volume,Adj Close,polarity,subjectivity
2017-01-02,60227.0,59371.0,60227.0,59589.0,808700.0,59589.0,0.0,0.0
2017-01-03,61815.0,59631.0,59631.0,61814.0,3328300.0,61814.0,0.0,0.0
2017-01-04,61940.0,61302.0,61811.0,61589.0,2840800.0,61589.0,0.0,0.0
2017-01-05,62409.0,61594.0,61594.0,62071.0,3313000.0,62071.0,0.0,0.0
2017-01-06,62072.0,61396.0,62072.0,61665.0,2374800.0,61665.0,0.0,0.0
2017-01-09,62112.0,61307.0,61680.0,61700.0,2480800.0,61700.0,0.0,0.0
2017-01-10,62446.0,61710.0,61710.0,62132.0,2623400.0,62132.0,0.0,0.0
2017-01-11,62674.0,61665.0,62134.0,62446.0,3139800.0,62446.0,0.0,0.0
2017-01-12,64342.0,62448.0,62448.0,63954.0,4535000.0,63954.0,0.0,0.0
2017-01-13,64092.0,63366.0,63940.0,63652.0,2735500.0,63652.0,0.0,0.0
2017-01-16,64014.0,63556.0,63652.0,63831.0,1763700.0,63831.0,0.0,0.0
2017-01-17,64658.0,63456.0,63827.0,64354.0,2933800.0,64354.0,1.0,0.1
2017-01-18,64680.0,64063.0,64360.0,64150.0,3008900.0,64150.0,0.5,0.26999999999999996
2017-01-19,64456.0,63574.0,64145.0,63951.0,2867100.0,63951.0,1.0,0.5399999999999999
2017-01-20,64694.0,63951.0,63951.0,64521.0,3416700.0,64521.0,0.0,0.0
2017-01-23,65816.0,64500.0,64519.0,65749.0,2957000.0,65749.0,0.0,0.0
2017-01-24,66173.0,65615.0,65752.0,65840.0,3850500.0,65840.0,0.0,0.0
2017-01-26,66594.0,65842.0,65842.0,66191.0,3494100.0,66191.0,0.0,0.0
2017-01-27,66242.0,65876.0,66195.0,66034.0,2583400.0,66034.0,0.0,0.0
2017-01-30,66025.0,64165.0,66025.0,64302.0,2264300.0,64302.0,1.0,0.1
2017-01-31,64901.0,64284.0,64310.0,64671.0,2737700.0,64671.0,0.0,0.0
2017-02-01,65594.0,64687.0,64687.0,64836.0,3214300.0,64836.0,1.0,0.5
2017-02-02,65132.0,64163.0,64835.0,64578.0,2959200.0,64578.0,0.0,0.0
2017-02-03,65387.0,64264.0,64579.0,64954.0,3482700.0,64954.0,0.0,0.0
2017-02-06,65327.0,63933.0,64957.0,63993.0,2551400.0,63993.0,0.0,0.0
2017-02-07,64815.0,63938.0,64022.0,64199.0,2776200.0,64199.0,0.0,0.0
2017-02-08,64835.0,63740.0,64200.0,64835.0,3138600.0,64835.0,0.0,0.0
2017-02-09,65302.0,64587.0,64850.0,64965.0,2641700.0,64965.0,0.0,0.0
2017-02-10,66292.0,64935.0,64965.0,66125.0,3439000.0,66125.0,0.0,0.0
2017-02-13,67094.0,66125.0,66125.0,66968.0,3108800.0,66968.0,0.0,0.0
2017-02-14,67110.0,66251.0,66971.0,66713.0,3370900.0,66713.0,0.0,0.0
2017-02-15,68016.0,66712.0,66712.0,67976.0,4119600.0,67976.0,0.0,0.0
2017-02-16,68456.0,67661.0,67979.0,67814.0,3550800.0,67814.0,0.0,0.0
2017-02-17,67819.0,67158.0,67814.0,67748.0,2787300.0,67748.0,0.0,0.0
2017-02-20,68674.0,67756.0,67756.0,68533.0,2171300.0,68533.0,0.0,0.0
2017-02-21,69112.0,68536.0,68536.0,69052.0,3051100.0,69052.0,0.0,0.0
2017-02-22,69052.0,68282.0,69052.0,68590.0,3374600.0,68590.0,0.0,0.0
2017-02-23,69488.0,67279.0,68590.0,67461.0,3977800.0,67461.0,0.0,0.0
2017-02-24,67458.0,66452.0,67458.0,66662.0,3059900.0,66662.0,0.0,0.0
2017-03-01,67398.0,66661.0,66661.0,66989.0,2378500.0,66989.0,0.0,0.0
2017-03-02,67035.0,65594.0,67000.0,65855.0,3095300.0,65855.0,0.0,0.0
2017-03-03,66801.0,65860.0,65860.0,66786.0,2654400.0,66786.0,0.0,0.0
2017-03-06,66892.0,66119.0,66786.0,66341.0,3337500.0,66341.0,0.0,0.0
2017-03-07,66641.0,65668.0,66343.0,65742.0,2886200.0,65742.0,0.0,0.0
2017-03-08,65810.0,64496.0,65748.0,64718.0,3727200.0,64718.0,0.0,0.0
2017-03-09,65068.0,64203.0,64718.0,64585.0,3513300.0,64585.0,0.0,0.0
2017-03-10,65725.0,64472.0,64586.0,64675.0,3432900.0,64675.0,0.0,0.0
2017-03-13,65651.0,64674.0,64674.0,65534.0,2162800.0,65534.0,0.0,0.0
2017-03-14,65549.0,64699.0,65511.0,64699.0,2824800.0,64699.0,0.0,0.0
2017-03-15,66318.0,64537.0,64702.0,66235.0,3742100.0,66235.0,1.0,0.5399999999999999
2017-03-16,66554.0,65531.0,66232.0,65783.0,2860400.0,65783.0,0.0,0.0
2017-03-17,66205.0,64152.0,65783.0,64210.0,5213000.0,64210.0,0.0,0.0
2017-03-20,65136.0,63672.0,64232.0,64884.0,3613900.0,64884.0,0.0,0.0
2017-03-21,64965.0,62795.0,64884.0,62980.0,3700200.0,62980.0,0.0,1.0
2017-03-22,63747.0,62496.0,62980.0,63521.0,4063300.0,63521.0,0.0,0.0
2017-03-23,63942.0,62840.0,63521.0,63531.0,3447400.0,63531.0,0.0,0.0
2017-03-24,63997.0,63469.0,63554.0,63854.0,2571200.0,63854.0,0.0,0.0
2017-03-27,64356.0,63030.0,63829.0,64308.0,2672800.0,64308.0,0.0,0.0
2017-03-28,64847.0,64042.0,64308.0,64640.0,3359100.0,64640.0,0.0,0.0
2017-03-29,65551.0,64476.0,64636.0,65528.0,3488200.0,65528.0,0.0,0.0
2017-03-30,65775.0,65070.0,65541.0,65266.0,2335700.0,65266.0,0.0,0.0
2017-03-31,65597.0,64859.0,65266.0,64984.0,2614200.0,64984.0,0.0,0.0
2017-04-03,65384.0,64774.0,64989.0,65211.0,2858500.0,65211.0,0.75,0.4058333333333333
2017-04-04,65775.0,64990.0,65212.0,65769.0,2085300.0,65769.0,1.0,0.5399999999999999
2017-04-05,66211.0,64493.0,65770.0,64775.0,2982200.0,64775.0,0.0,0.4
2017-04-06,64921.0,63762.0,64775.0,64223.0,2875000.0,64223.0,0.0,0.0
2017-04-07,65197.0,64016.0,64202.0,64593.0,2853100.0,64593.0,0.0,0.0
2017-04-10,64928.0,64115.0,64593.0,64650.0,2984000.0,64650.0,0.0,0.0
2017-04-11,64872.0,63351.0,64650.0,64360.0,3178400.0,64360.0,0.0,0.0
2017-04-12,64456.0,63814.0,64362.0,63892.0,4253500.0,63892.0,0.0,0.0
2017-04-13,63992.0,62826.0,63891.0,62826.0,3212900.0,62826.0,0.0,0.0
2017-04-17,64424.0,62828.0,62828.0,64335.0,0.0,64335.0,0.0,0.0
2017-04-18,64591.0,63717.0,64336.0,64159.0,3144800.0,64159.0,0.0,0.0
2017-04-19,64572.0,63219.0,64165.0,63407.0,3069500.0,63407.0,0.0,0.1875
2017-04-20,64163.0,63388.0,63406.0,63761.0,2899700.0,63761.0,0.0,0.0625
2017-04-24,64754.0,63761.0,63761.0,64389.0,3194100.0,64389.0,0.0,0.0
2017-04-25,65148.0,63875.0,64384.0,65148.0,3037200.0,65148.0,0.0,0.0
2017-04-26,65436.0,64679.0,65144.0,64862.0,3221600.0,64862.0,0.0,0.0
2017-04-27,65327.0,64292.0,64872.0,64677.0,3112100.0,64677.0,0.0,0.0
2017-04-28,65403.0,64592.0,64679.0,65403.0,2973700.0,65403.0,0.0,0.0
2017-05-02,66877.0,65404.0,65404.0,66722.0,3497000.0,66722.0,0.0,0.625
2017-05-03,66758.0,65898.0,66720.0,66094.0,3446400.0,66094.0,0.0,0.1875
2017-05-04,66099.0,64721.0,66069.0,64863.0,3779900.0,64863.0,0.0,0.0
2017-05-05,65768.0,64863.0,64869.0,65710.0,2760000.0,65710.0,0.0,0.0
2017-05-08,66015.0,65295.0,65705.0,65526.0,2273300.0,65526.0,0.0,0.3125
2017-05-09,66536.0,65533.0,65533.0,66278.0,2679100.0,66278.0,0.0,0.125
2017-05-10,67528.0,66284.0,66284.0,67350.0,3174100.0,67350.0,0.0,0.0
2017-05-11,67709.0,67191.0,67355.0,67538.0,2872600.0,67538.0,0.0,0.0
2017-05-12,68429.0,67536.0,67536.0,68222.0,3822600.0,68222.0,0.0,0.0
2017-05-15,68593.0,68081.0,68227.0,68474.0,3290300.0,68474.0,0.0,0.0
2017-05-16,68792.0,68124.0,68473.0,68684.0,3672400.0,68684.0,0.0,0.0
2017-05-17,68674.0,67163.0,68674.0,67540.0,3317200.0,67540.0,0.25,0.235
2017-05-18,67536.0,60315.0,67536.0,61597.0,11046700.0,61597.0,0.0,0.3435185185185185
2017-05-19,63488.0,61597.0,61597.0,62639.0,6120800.0,62639.0,0.0,0.0
2017-05-22,62638.0,60925.0,62638.0,61673.0,5815800.0,61673.0,0.0,0.0
2017-05-23,62775.0,61670.0,61670.0,62662.0,4753500.0,62662.0,0.0,0.0
2017-05-24,64016.0,62673.0,62673.0,63257.0,4181200.0,63257.0,0.0,0.0
2017-05-25,63991.0,62762.0,63256.0,63227.0,4001000.0,63227.0,0.0,0.0
2017-05-26,64170.0,63228.0,63228.0,64085.0,3849400.0,64085.0,0.0,0.0
2017-05-29,64055.0,63531.0,64055.0,63761.0,1646300.0,63761.0,0.0,0.0
2017-05-30,64107.0,63720.0,63765.0,63962.0,2235300.0,63962.0,0.0,0.0
2017-05-31,63984.0,62673.0,63961.0,62711.0,4535100.0,62711.0,0.0,0.0
2017-06-01,63293.0,62165.0,62711.0,62289.0,3370200.0,62289.0,0.0,0.0
2017-06-02,62773.0,62161.0,62289.0,62511.0,2874500.0,62511.0,0.0,0.0
2017-06-05,62800.0,62010.0,62503.0,62450.0,2421700.0,62450.0,0.0,0.0
2017-06-06,63302.0,62426.0,62450.0,62955.0,2993300.0,62955.0,0.0,0.4
2017-06-07,63637.0,62912.0,62955.0,63171.0,2892300.0,63171.0,0.0,0.125
2017-06-08,63171.0,62376.0,63171.0,62756.0,2702400.0,62756.0,0.0,0.2625
2017-06-09,63066.0,62095.0,62755.0,62211.0,3099900.0,62211.0,0.0,0.0
2017-06-12,62286.0,61279.0,62219.0,61700.0,3026600.0,61700.0,0.0,0.0
2017-06-13,62012.0,61510.0,61708.0,61829.0,2469100.0,61829.0,0.0,0.2125
2017-06-14,62475.0,61508.0,61831.0,61923.0,4328500.0,61923.0,0.0,0.0
2017-06-16,61921.0,61269.0,61911.0,61626.0,5088000.0,61626.0,0.0,0.0
2017-06-19,62272.0,61620.0,61620.0,62014.0,2752600.0,62014.0,0.0,0.0
2017-06-20,62011.0,60766.0,62011.0,60766.0,3956200.0,60766.0,0.0,0.0
2017-06-21,61188.0,60544.0,60783.0,60762.0,3274700.0,60762.0,0.0,0.0
2017-06-22,61354.0,60758.0,60762.0,61272.0,3066900.0,61272.0,0.0,0.0
2017-06-23,61400.0,60992.0,61272.0,61087.0,2836700.0,61087.0,0.0,0.0
2017-06-26,62251.0,61088.0,61088.0,62188.0,2599200.0,62188.0,0.0,0.0
2017-06-27,62424.0,61580.0,62188.0,61675.0,3275700.0,61675.0,0.0,0.125
2017-06-28,62057.0,61433.0,61684.0,62018.0,2719100.0,62018.0,0.0,0.0
2017-06-29,62499.0,61689.0,62010.0,62239.0,2915500.0,62239.0,0.0,0.0
2017-06-30,63038.0,62238.0,62238.0,62900.0,2688200.0,62900.0,0.0,0.0
2017-07-03,63338.0,62901.0,62901.0,63280.0,2086300.0,63280.0,0.0,0.0
2017-07-04,63346.0,63076.0,63268.0,63232.0,950700.0,63232.0,0.0,0.0
2017-07-05,63485.0,62708.0,63215.0,63154.0,3169900.0,63154.0,0.0,0.0
2017-07-06,63188.0,62354.0,63156.0,62470.0,3038700.0,62470.0,0.0,0.0
2017-07-07,62926.0,62035.0,62474.0,62322.0,2894200.0,62322.0,0.0,0.0
2017-07-10,63135.0,62322.0,62322.0,63025.0,2224000.0,63025.0,0.0,0.0
2017-07-11,63891.0,62908.0,63027.0,63832.0,2566700.0,63832.0,0.0,0.0
2017-07-12,64938.0,63827.0,63840.0,64836.0,4116300.0,64836.0,0.0,0.0
2017-07-13,65302.0,64854.0,64854.0,65178.0,3121700.0,65178.0,0.0,0.0
2017-07-14,65624.0,65178.0,65178.0,65436.0,2711600.0,65436.0,0.0,0.0
2017-07-17,65478.0,65119.0,65431.0,65212.0,2255300.0,65212.0,1.0,0.5399999999999999
2017-07-18,65338.0,64943.0,65208.0,65338.0,2213500.0,65338.0,0.0,0.0
2017-07-19,65604.0,64874.0,65337.0,65180.0,2622700.0,65180.0,0.0,0.0
2017-07-20,65505.0,64898.0,65178.0,64938.0,2252900.0,64938.0,0.0,0.125
2017-07-21,65150.0,64599.0,64936.0,64684.0,2125500.0,64684.0,0.0,0.0
2017-07-24,65104.0,64678.0,64695.0,65100.0,1908900.0,65100.0,0.0,0.0
2017-07-25,65749.0,65101.0,65101.0,65668.0,2737400.0,65668.0,0.0,0.0
2017-07-26,65873.0,64992.0,65668.0,65011.0,2942300.0,65011.0,0.0,0.0
2017-07-27,65678.0,65013.0,65013.0,65277.0,2483900.0,65277.0,0.0,0.0
2017-07-28,65497.0,64953.0,65253.0,65497.0,2760700.0,65497.0,0.0,0.0
2017-07-31,66048.0,65503.0,65503.0,65920.0,2572700.0,65920.0,0.0,0.0
2017-08-01,66606.0,65925.0,65925.0,66516.0,2762600.0,66516.0,1.0,0.3333333333333333
2017-08-02,67277.0,66305.0,66504.0,67136.0,3713700.0,67136.0,0.0,0.0
2017-08-03,67256.0,66705.0,67136.0,66777.0,2722400.0,66777.0,0.0,0.0
2017-08-04,67104.0,66525.0,66783.0,66898.0,2370900.0,66898.0,0.0,0.0
2017-08-07,68043.0,66887.0,66898.0,67940.0,2996800.0,67940.0,0.0,0.0
2017-08-08,68500.0,67671.0,67936.0,67899.0,3134300.0,67899.0,0.0,0.0
2017-08-09,67894.0,67290.0,67894.0,67671.0,2488000.0,67671.0,0.0,0.0
2017-08-10,67671.0,66650.0,67671.0,66992.0,2820800.0,66992.0,0.0,0.0
2017-08-11,67623.0,66678.0,66992.0,67359.0,2890000.0,67359.0,0.0,0.0
2017-08-14,68642.0,67226.0,67364.0,68285.0,2827300.0,68285.0,0.0,0.0
2017-08-15,68846.0,68293.0,68296.0,68355.0,2753200.0,68355.0,0.0,0.0
2017-08-16,68950.0,68304.0,68356.0,68594.0,3753400.0,68594.0,0.0,0.0
2017-08-17,68596.0,67866.0,68596.0,67977.0,2661800.0,67977.0,0.0,0.0
2017-08-18,68808.0,67979.0,67990.0,68715.0,3464800.0,68715.0,0.0,0.0
2017-08-21,69068.0,68514.0,68713.0,68635.0,2643300.0,68635.0,0.0,0.0
2017-08-22,70278.0,68645.0,68645.0,70011.0,3907500.0,70011.0,0.0,0.0
2017-08-23,70587.0,69947.0,70011.0,70478.0,3348400.0,70478.0,0.0,0.0
2017-08-24,71238.0,70482.0,70482.0,71133.0,3113000.0,71133.0,0.0,0.0
2017-08-25,71506.0,70801.0,71138.0,71074.0,2411000.0,71074.0,0.0,0.0
2017-08-28,71390.0,70909.0,71074.0,71017.0,2196400.0,71017.0,0.0,0.0
2017-08-29,71330.0,70517.0,71005.0,71330.0,2274700.0,71330.0,0.0,0.0
2017-08-30,71454.0,70755.0,71328.0,70886.0,2663200.0,70886.0,0.0,0.0
2017-08-31,71234.0,70516.0,70887.0,70835.0,4245100.0,70835.0,0.0,0.0
2017-09-01,72217.0,70846.0,70848.0,71923.0,3880900.0,71923.0,0.0,0.0
2017-09-04,72141.0,71671.0,71921.0,72129.0,1998000.0,72129.0,0.0,0.0
2017-09-05,73180.0,71827.0,72134.0,72151.0,4230900.0,72151.0,0.0,0.05625
2017-09-06,73608.0,72157.0,72157.0,73412.0,4242500.0,73412.0,0.0,0.05
2017-09-08,73646.0,72925.0,73413.0,73079.0,3114100.0,73079.0,0.0,0.0
2017-09-11,74636.0,73096.0,73096.0,74319.0,3283100.0,74319.0,0.0,0.0
2017-09-12,75332.0,74294.0,74322.0,74539.0,3591700.0,74539.0,0.0,0.0
2017-09-13,75146.0,74196.0,74543.0,74788.0,3212500.0,74788.0,0.0,0.0
2017-09-14,74949.0,74397.0,74787.0,74657.0,3206100.0,74657.0,0.0,0.0
2017-09-15,75820.0,74648.0,74656.0,75757.0,4825000.0,75757.0,0.0,0.0
2017-09-18,76404.0,75621.0,75758.0,75990.0,3437400.0,75990.0,0.0,0.0
2017-09-19,76071.0,75300.0,75990.0,75974.0,3026100.0,75974.0,0.0,0.0
2017-09-20,76420.0,75074.0,75974.0,76004.0,3890900.0,76004.0,0.0,0.0
2017-09-21,76251.0,75282.0,76014.0,75604.0,3228500.0,75604.0,0.0,0.0
2017-09-22,75734.0,75029.0,75618.0,75390.0,2801700.0,75390.0,0.0,0.0
2017-09-25,75470.0,74303.0,75381.0,74443.0,3376500.0,74443.0,0.0,0.0
2017-09-26,74971.0,74319.0,74443.0,74319.0,3565400.0,74319.0,0.0,0.0
2017-09-27,74744.0,73125.0,74358.0,73797.0,3788600.0,73797.0,0.0,0.0
2017-09-28,74011.0,73277.0,73808.0,73567.0,3082900.0,73567.0,0.0,0.0
2017-09-29,74518.0,73571.0,73571.0,74294.0,3126600.0,74294.0,0.0,0.0
2017-10-02,74506.0,73845.0,74295.0,74360.0,2512000.0,74360.0,0.0,0.0
2017-10-03,76763.0,74363.0,74363.0,76763.0,3816900.0,76763.0,0.0,0.0
2017-10-04,77004.0,76422.0,76763.0,76591.0,3119500.0,76591.0,1.0,0.3333333333333333
2017-10-05,78024.0,76592.0,76592.0,76618.0,4112900.0,76618.0,0.0,0.0
2017-10-06,76618.0,75603.0,76618.0,76055.0,2994300.0,76055.0,0.0,0.0
2017-10-09,76067.0,75181.0,76055.0,75727.0,2335300.0,75727.0,0.0,0.125
2017-10-10,76996.0,75745.0,75745.0,76897.0,3489200.0,76897.0,0.5,0.2866666666666666
2017-10-11,76985.0,76323.0,76910.0,76660.0,3781500.0,76660.0,0.0,0.0
2017-10-13,77319.0,76659.0,76659.0,76990.0,3200100.0,76990.0,0.0,0.0
2017-10-16,77382.0,76565.0,76985.0,76892.0,3075600.0,76892.0,0.0,0.0
2017-10-17,76892.0,76046.0,76892.0,76201.0,2771100.0,76201.0,0.0,0.0
2017-10-18,76730.0,76012.0,76211.0,76591.0,3156800.0,76591.0,0.0,0.0
2017-10-19,76591.0,75366.0,76591.0,76283.0,2509800.0,76283.0,0.0,0.0
2017-10-20,76971.0,76291.0,76291.0,76391.0,2645300.0,76391.0,0.0,0.0
2017-10-23,76498.0,75315.0,76398.0,75413.0,2631800.0,75413.0,0.0,0.0
2017-10-24,76420.0,75426.0,75426.0,76350.0,3047500.0,76350.0,0.0,0.0
2017-10-25,76883.0,75404.0,76350.0,76671.0,2953800.0,76671.0,0.0,0.0
2017-10-26,77061.0,75813.0,76671.0,75896.0,2901100.0,75896.0,0.0,0.0
2017-10-27,76617.0,75601.0,75898.0,75976.0,3434400.0,75976.0,0.0,0.0
2017-10-30,75973.0,74305.0,75973.0,74800.0,3811600.0,74800.0,0.0,0.0
2017-10-31,75142.0,74145.0,74798.0,74308.0,3545700.0,74308.0,0.0,0.0
2017-11-01,75199.0,73823.0,74310.0,73824.0,3668100.0,73824.0,0.0,0.0
2017-11-03,74254.0,73094.0,73834.0,73915.0,4386900.0,73915.0,0.0,0.0
2017-11-06,74445.0,73830.0,73911.0,74311.0,3297400.0,74311.0,0.0,0.0
2017-11-07,74306.0,72386.0,74306.0,72415.0,4888900.0,72415.0,0.0,0.0
2017-11-08,74481.0,72468.0,72468.0,74363.0,3408800.0,74363.0,0.0,0.0
2017-11-09,74363.0,72795.0,74363.0,72931.0,3303800.0,72931.0,0.0,0.0
2017-11-10,73019.0,71920.0,72932.0,72166.0,3140100.0,72166.0,0.0,0.0
2017-11-13,72735.0,71776.0,72167.0,72475.0,2783400.0,72475.0,0.0,0.0
2017-11-14,72838.0,70825.0,72442.0,70827.0,4352600.0,70827.0,0.0,0.0
2017-11-16,72896.0,70827.0,70827.0,72512.0,3340900.0,72512.0,0.0,0.0
2017-11-17,73632.0,72390.0,72512.0,73437.0,2749700.0,73437.0,0.0,0.0
2017-11-21,75073.0,73439.0,73439.0,74595.0,3539600.0,74595.0,0.0,0.0
2017-11-22,75019.0,74242.0,74611.0,74519.0,3410600.0,74519.0,0.0,0.0
2017-11-23,74578.0,73851.0,74519.0,74487.0,1556800.0,74487.0,0.0,0.0
2017-11-24,74542.0,74093.0,74503.0,74157.0,2510300.0,74157.0,0.0,0.0
2017-11-27,74157.0,73159.0,74157.0,74059.0,2810800.0,74059.0,0.0,0.0
2017-11-28,74989.0,74056.0,74060.0,74140.0,3030700.0,74140.0,0.0,0.0
2017-11-29,74515.0,72700.0,74146.0,72700.0,3639400.0,72700.0,0.0,0.0
2017-11-30,72700.0,71215.0,72700.0,71971.0,5348800.0,71971.0,0.0,0.0
2017-12-01,72472.0,71488.0,71955.0,72264.0,3003100.0,72264.0,0.0,0.0
2017-12-04,73749.0,72266.0,72266.0,73090.0,3038600.0,73090.0,0.0,0.1
2017-12-05,74166.0,72319.0,73090.0,72546.0,2913300.0,72546.0,0.3333333333333333,0.09999999999999998
2017-12-06,73418.0,71906.0,72535.0,73268.0,3099300.0,73268.0,0.6666666666666666,0.23416666666666663
2017-12-07,73268.0,71356.0,73268.0,72487.0,3260800.0,72487.0,0.5,0.28882575757575757
2017-12-08,73425.0,72489.0,72489.0,72732.0,3085600.0,72732.0,0.0,0.0
2017-12-11,73361.0,72498.0,72775.0,72800.0,2450200.0,72800.0,0.0,0.0
2017-12-12,73814.0,71798.0,72800.0,73814.0,2956100.0,73814.0,0.0,0.0
2017-12-13,74622.0,72569.0,73827.0,72914.0,4494700.0,72914.0,0.0,0.0
2017-12-14,72913.0,71969.0,72913.0,72429.0,3491800.0,72429.0,0.0,0.0
2017-12-15,73069.0,72277.0,72428.0,72608.0,4659500.0,72608.0,0.0,0.0
2017-12-18,73519.0,72621.0,72621.0,73115.0,3202900.0,73115.0,0.0,0.0375
2017-12-19,73139.0,72347.0,73122.0,72680.0,2351600.0,72680.0,0.0,0.3125
2017-12-20,73492.0,72680.0,72680.0,73367.0,2219600.0,73367.0,0.5,0.5
2017-12-21,75133.0,73265.0,73367.0,75133.0,3056400.0,75133.0,0.3333333333333333,0.14444444444444443
2017-12-22,75227.0,74623.0,75128.0,75187.0,1906900.0,75187.0,0.0,0.0
2017-12-26,75758.0,74924.0,75187.0,75688.0,1579700.0,75688.0,0.0,0.0
2017-12-27,76293.0,75708.0,75708.0,76073.0,1792200.0,76073.0,0.0,0.0
2017-12-28,76437.0,76077.0,76077.0,76402.0,2083000.0,76402.0,0.0,0.0
2017-12-29,76437.0,76077.0,76077.0,76402.0,0.0,76402.0,0.0,0.0
2018-01-02,77909.0,76403.0,76403.0,77891.0,2880300.0,77891.0,0.0,0.0
2018-01-03,78414.0,77602.0,77889.0,77995.0,3142200.0,77995.0,0.0,0.0
2018-01-04,79135.0,77998.0,77998.0,78647.0,3486100.0,78647.0,0.0,0.0
2018-01-05,79071.0,78218.0,78644.0,79071.0,2747100.0,79071.0,0.0,0.0
2018-01-08,79395.0,78631.0,79070.0,79379.0,2550800.0,79379.0,1.0,0.5454545454545454
2018-01-09,79415.0,78699.0,79379.0,78864.0,3458600.0,78864.0,0.5,0.26999999999999996
2018-01-10,78864.0,78164.0,78864.0,78201.0,2759900.0,78201.0,0.0,0.2416666666666666
2018-01-11,79365.0,78201.0,78201.0,79365.0,3409400.0,79365.0,0.0,0.07291666666666664
2018-01-12,79440.0,78861.0,79365.0,79349.0,3577800.0,79349.0,0.0,0.0
2018-01-15,79847.0,79349.0,79349.0,79752.0,1941000.0,79752.0,0.0,0.0
2018-01-16,80246.0,79668.0,79751.0,79832.0,2982500.0,79832.0,0.0,0.0
2018-01-17,81189.0,79828.0,79832.0,81189.0,3341200.0,81189.0,0.0,0.0
2018-01-18,81367.0,80498.0,81185.0,80963.0,3429600.0,80963.0,0.0,0.0
2018-01-19,81429.0,80854.0,80965.0,81220.0,3123200.0,81220.0,0.0,0.0
2018-01-22,81675.0,80923.0,81220.0,81675.0,2693000.0,81675.0,0.0,0.0
2018-01-23,81676.0,80524.0,81676.0,80678.0,3711200.0,80678.0,0.0,0.13697916666666665
2018-01-24,83680.0,80679.0,80679.0,83680.0,5503700.0,83680.0,0.16666666666666666,0.30972222222222223
2018-01-26,85531.0,83680.0,83680.0,85531.0,5410600.0,85531.0,0.0,0.0
2018-01-29,85531.0,84341.0,85531.0,84698.0,3889600.0,84698.0,0.0,0.0
2018-01-30,84697.0,83804.0,84697.0,84482.0,3566000.0,84482.0,0.0,0.0
2018-01-31,86213.0,84484.0,84485.0,84913.0,4233500.0,84913.0,0.0,0.0
2018-02-01,86028.0,84833.0,84913.0,85495.0,4085300.0,85495.0,0.0,0.0
2018-02-02,85495.0,83831.0,85495.0,84041.0,3376900.0,84041.0,0.0,0.0
2018-02-05,84311.0,81861.0,84040.0,81861.0,3253600.0,81861.0,0.5,0.25994318181818177
2018-02-06,84162.0,80804.0,81857.0,83894.0,5599100.0,83894.0,0.2,0.1134090909090909
2018-02-07,84410.0,82548.0,83894.0,82767.0,3886000.0,82767.0,0.3333333333333333,0.33819444444444446
2018-02-08,83501.0,81109.0,82773.0,81533.0,4011400.0,81533.0,0.25,0.23958333333333331
2018-02-09,81897.0,79690.0,81532.0,80899.0,4283400.0,80899.0,0.0,0.0
2018-02-15,84686.0,83551.0,83551.0,84291.0,3489300.0,84291.0,1.0,0.3883333333333333
2018-02-16,84575.0,83824.0,84291.0,84525.0,3475800.0,84525.0,0.0,0.0
2018-02-19,84956.0,84525.0,84525.0,84793.0,2088900.0,84793.0,0.6666666666666666,0.26375
2018-02-20,86290.0,84261.0,84792.0,85804.0,4078100.0,85804.0,0.3333333333333333,0.12708333333333333
2018-02-21,87358.0,85804.0,85804.0,86052.0,4815500.0,86052.0,0.6666666666666666,0.41277777777777774
2018-02-22,87159.0,86050.0,86050.0,86686.0,3535700.0,86686.0,0.25,0.0899621212121212
2018-02-23,87345.0,86138.0,86690.0,87293.0,4178600.0,87293.0,0.0,0.0
2018-02-26,88318.0,87242.0,87296.0,87653.0,4047100.0,87653.0,0.2,0.11166666666666666
2018-02-27,87839.0,86613.0,87649.0,86935.0,3534700.0,86935.0,0.0,0.090625
2018-02-28,87109.0,85431.0,86939.0,85481.0,5947100.0,85481.0,0.0,0.15625
2018-03-01,86260.0,84640.0,85337.0,85378.0,4341300.0,85378.0,0.0,0.1145833333333333
2018-03-02,85761.0,83897.0,85378.0,85761.0,3884300.0,85761.0,0.0,0.0
2018-03-05,86165.0,85053.0,85292.0,86023.0,3425200.0,86023.0,0.0,0.0
2018-03-06,86931.0,85653.0,86023.0,85653.0,3608600.0,85653.0,0.0,0.0
2018-03-07,85653.0,84397.0,85653.0,85484.0,3456800.0,85484.0,0.0,0.0
2018-03-08,85830.0,84491.0,85510.0,84985.0,3694700.0,84985.0,0.0,0.0
2018-03-09,86389.0,84749.0,84987.0,86371.0,3481500.0,86371.0,0.0,0.0
2018-03-12,87046.0,86386.0,86386.0,86900.0,2602900.0,86900.0,0.0,0.25625
2018-03-13,87333.0,86119.0,86902.0,86384.0,2735800.0,86384.0,1.0,0.3883333333333333
2018-03-14,86970.0,85691.0,86383.0,86051.0,2561000.0,86051.0,0.5,0.36666666666666664
2018-03-15,86051.0,84720.0,86051.0,84928.0,3840100.0,84928.0,0.5,0.28352272727272726
2018-03-16,85495.0,84525.0,84928.0,84886.0,5446200.0,84886.0,0.0,0.0
2018-03-19,84886.0,83678.0,84886.0,83913.0,3330600.0,83913.0,0.0,0.0
2018-03-20,84412.0,83682.0,83919.0,84164.0,2682000.0,84164.0,0.0,0.0
2018-03-21,85145.0,84080.0,84166.0,84977.0,3260900.0,84977.0,0.0,0.0
2018-03-22,85499.0,84197.0,84984.0,84768.0,3241700.0,84768.0,0.0,0.0
2018-03-23,85450.0,84042.0,84766.0,84377.0,3176900.0,84377.0,0.0,0.0
2018-03-26,85553.0,84357.0,84377.0,85088.0,2355600.0,85088.0,0.0,0.10625
2018-03-27,85296.0,83542.0,85103.0,83808.0,2948400.0,83808.0,0.5,0.38125
2018-03-28,83889.0,82889.0,83806.0,83874.0,2911400.0,83874.0,0.25,0.1765625
2018-03-29,85708.0,83874.0,83874.0,85366.0,3150300.0,85366.0,0.0,0.0625
2018-04-02,85675.0,84166.0,85365.0,84666.0,2598500.0,84666.0,0.0,0.0
2018-04-03,85411.0,84210.0,84669.0,84623.0,2579000.0,84623.0,0.0,0.0
2018-04-04,84610.0,82826.0,84610.0,84360.0,2948300.0,84360.0,0.0,0.0
2018-04-05,86148.0,84374.0,84374.0,85210.0,4257700.0,85210.0,0.0,0.0
2018-04-06,85210.0,83833.0,85210.0,84820.0,3069100.0,84820.0,0.0,0.0
2018-04-09,85110.0,83155.0,84832.0,83307.0,3174800.0,83307.0,1.0,0.5820959595959595
2018-04-10,84538.0,83312.0,83312.0,84510.0,3518700.0,84510.0,0.0,0.0
2018-04-11,85417.0,84340.0,84494.0,85246.0,3370600.0,85246.0,0.0,0.0
2018-04-12,85577.0,85025.0,85246.0,85444.0,2837000.0,85444.0,0.6666666666666666,0.20486111111111108
2018-04-13,85441.0,84144.0,85441.0,84334.0,3504200.0,84334.0,0.0,0.0
2018-04-16,84591.0,82762.0,84328.0,82862.0,2913400.0,82862.0,0.0,0.0625
2018-04-17,84191.0,82810.0,82862.0,84086.0,2628600.0,84086.0,0.0,0.36944444444444446
2018-04-18,86149.0,84090.0,84090.0,85776.0,4196900.0,85776.0,0.0,0.125
2018-04-19,86059.0,85197.0,85775.0,85824.0,3522500.0,85824.0,1.0,0.3948863636363636
2018-04-20,85823.0,85025.0,85823.0,85550.0,2990100.0,85550.0,0.0,0.0
2018-04-23,85746.0,84711.0,85520.0,85602.0,2426000.0,85602.0,0.0,0.0
2018-04-24,86578.0,85106.0,85603.0,85469.0,2845000.0,85469.0,0.0,0.0
2018-04-25,85466.0,84349.0,85466.0,85044.0,3218400.0,85044.0,0.0,0.0
2018-04-26,86383.0,85051.0,85051.0,86383.0,3138000.0,86383.0,0.0,0.0
2018-04-27,87179.0,86262.0,86383.0,86445.0,0.0,86445.0,0.0,0.0
2018-04-30,86739.0,85979.0,86443.0,86115.0,2181000.0,86115.0,0.0,0.0
2018-05-02,86111.0,84383.0,86111.0,84547.0,3720600.0,84547.0,0.0,0.0
2018-05-03,84562.0,83178.0,84547.0,83288.0,3977800.0,83288.0,0.0,0.0
2018-05-04,83671.0,82746.0,83286.0,83118.0,3472900.0,83118.0,0.0,0.0
2018-05-07,83643.0,82602.0,83199.0,82714.0,2843000.0,82714.0,0.0,0.0625
2018-05-08,83409.0,82201.0,82715.0,82956.0,3949500.0,82956.0,0.5,0.3125
2018-05-09,84447.0,82855.0,82977.0,84265.0,4695400.0,84265.0,0.0,0.125
2018-05-10,86201.0,84284.0,84284.0,85861.0,4611100.0,85861.0,0.5,0.16624999999999995
2018-05-11,86406.0,85183.0,85861.0,85220.0,4379700.0,85220.0,0.0,0.0
2018-05-14,86105.0,84688.0,85222.0,85232.0,4080700.0,85232.0,0.0,0.0
2018-05-15,85231.0,83830.0,85225.0,85130.0,4405100.0,85130.0,0.0,0.0
2018-05-16,86678.0,85044.0,85122.0,86537.0,3707000.0,86537.0,0.0,0.0
2018-05-17,86537.0,83377.0,86537.0,83622.0,5508600.0,83622.0,0.0,0.0
2018-05-18,83614.0,81391.0,83614.0,83082.0,5730200.0,83082.0,0.0,0.0
2018-05-21,83883.0,81576.0,83095.0,81815.0,4242200.0,81815.0,0.0,0.0
2018-05-22,83396.0,81613.0,81817.0,82739.0,4785500.0,82739.0,0.0,0.0
2018-05-23,82742.0,80867.0,82742.0,80867.0,3875500.0,80867.0,0.0,0.0
2018-05-24,80860.0,79027.0,80860.0,80122.0,6182200.0,80122.0,0.0,0.0
2018-05-25,80629.0,78622.0,80123.0,78898.0,4650100.0,78898.0,0.0,0.0
2018-05-28,78886.0,75337.0,78886.0,75356.0,4176200.0,75356.0,0.0,0.0
2018-05-29,77214.0,75361.0,75361.0,76072.0,5972300.0,76072.0,0.0,0.0
2018-05-30,77097.0,75515.0,76058.0,76754.0,7442100.0,76754.0,0.0,0.0
2018-06-01,78169.0,75524.0,76779.0,77240.0,6044400.0,77240.0,0.0,0.0
2018-06-04,78637.0,77244.0,77244.0,78596.0,4023100.0,78596.0,0.0,0.0375
2018-06-05,78892.0,76412.0,78595.0,76642.0,4499800.0,76642.0,0.0,0.041666666666666664
2018-06-06,76967.0,75518.0,76641.0,76117.0,4871700.0,76117.0,0.0,0.125
2018-06-07,76117.0,71162.0,76117.0,73851.0,7919200.0,73851.0,0.25,0.23083333333333333
2018-06-08,74031.0,71679.0,73848.0,72942.0,5952400.0,72942.0,0.0,0.0
2018-06-11,73716.0,71843.0,72943.0,72308.0,3564300.0,72308.0,0.0,0.0
2018-06-12,73322.0,72124.0,72308.0,72754.0,3889600.0,72754.0,0.0,0.0
2018-06-13,72977.0,71035.0,72757.0,72122.0,4360200.0,72122.0,0.0,0.0
2018-06-14,72708.0,71344.0,72151.0,71421.0,4281600.0,71421.0,0.0,0.0
2018-06-15,71421.0,69583.0,71421.0,70758.0,6456800.0,70758.0,0.0,0.0
2018-06-18,70757.0,69360.0,70757.0,69815.0,3475200.0,69815.0,0.0,0.15625
2018-06-19,72010.0,69069.0,69811.0,71394.0,5185300.0,71394.0,0.0,0.0625
2018-06-20,72617.0,71155.0,71397.0,72123.0,4414600.0,72123.0,0.0,0.1125
2018-06-21,72207.0,70019.0,72117.0,70075.0,3490800.0,70075.0,0.0,0.0625
2018-06-22,71058.0,69907.0,70077.0,70641.0,3054700.0,70641.0,0.0,0.0
2018-06-25,71323.0,69779.0,70642.0,70953.0,3346300.0,70953.0,0.0,0.0
2018-06-26,71622.0,70203.0,70968.0,71405.0,3502300.0,71405.0,0.0,0.0
2018-06-27,72032.0,70134.0,71405.0,70609.0,3588900.0,70609.0,0.0,0.0
2018-06-28,72092.0,70439.0,70609.0,71767.0,3511400.0,71767.0,0.0,0.0
2018-06-29,73020.0,71779.0,71779.0,72763.0,3879400.0,72763.0,0.0,0.0
2018-07-02,72840.0,71935.0,72763.0,72840.0,2753900.0,72840.0,0.0,0.23958333333333331
2018-07-03,74515.0,72848.0,72848.0,73668.0,3253800.0,73668.0,1.0,0.3883333333333333
2018-07-04,74904.0,73450.0,73667.0,74743.0,2142100.0,74743.0,0.0,0.4212962962962963
2018-07-05,75127.0,73756.0,74751.0,74553.0,3562800.0,74553.0,0.6666666666666666,0.19659090909090912
2018-07-06,75065.0,74048.0,74558.0,75010.0,0.0,75010.0,0.0,0.0
2018-07-10,75895.0,74431.0,75015.0,74862.0,3901000.0,74862.0,0.25,0.19744318181818182
2018-07-11,75025.0,74196.0,74862.0,74399.0,3766800.0,74399.0,0.0,0.271875
2018-07-12,75898.0,74403.0,74403.0,75856.0,3508500.0,75856.0,0.2,0.09204545454545454
2018-07-13,76682.0,75554.0,75856.0,76594.0,0.0,76594.0,0.0,0.0
2018-07-16,76924.0,76129.0,76587.0,76653.0,3134700.0,76653.0,0.0,0.0
2018-07-17,78522.0,76482.0,76653.0,78130.0,3882900.0,78130.0,0.0,0.0
2018-07-18,78496.0,77164.0,78124.0,77363.0,3394300.0,77363.0,0.0,0.0
2018-07-19,77487.0,75890.0,77360.0,77487.0,3781100.0,77487.0,0.0,0.0
2018-07-20,79489.0,77500.0,77500.0,78571.0,4745200.0,78571.0,0.0,0.0
2018-07-23,78639.0,77871.0,78571.0,77996.0,2446800.0,77996.0,0.0,0.0
2018-07-24,79497.0,78005.0,78005.0,79155.0,3283200.0,79155.0,0.0,0.0
2018-07-25,80437.0,79154.0,79154.0,80218.0,3472700.0,80218.0,0.0,0.0
2018-07-26,80589.0,79081.0,80242.0,79405.0,3596500.0,79405.0,0.0,0.0
2018-07-27,80251.0,79405.0,79405.0,79866.0,3015600.0,79866.0,0.0,0.0
2018-07-30,80492.0,79699.0,79866.0,80276.0,2631400.0,80276.0,0.0,0.0
2018-07-31,80279.0,79016.0,80279.0,79220.0,3354500.0,79220.0,0.0,0.0
2018-08-01,79731.0,78769.0,79213.0,79302.0,3227100.0,79302.0,0.0,0.0
2018-08-02,79896.0,78573.0,79237.0,79637.0,3005500.0,79637.0,0.0,0.0
2018-08-03,81792.0,79656.0,79656.0,81435.0,3802600.0,81435.0,0.0,0.0
2018-08-06,81765.0,80965.0,81445.0,81051.0,2516600.0,81051.0,1.0,0.44125
2018-08-07,81742.0,79923.0,81093.0,80347.0,3861200.0,80347.0,0.25,0.22376893939393938
2018-08-08,80912.0,78966.0,80347.0,79152.0,3833800.0,79152.0,0.0,0.25
2018-08-09,79461.0,78156.0,79171.0,78768.0,3717400.0,78768.0,0.25,0.17197916666666666
2018-08-10,78766.0,76043.0,78766.0,76514.0,0.0,76514.0,0.0,0.0
2018-08-13,77689.0,75931.0,76513.0,77496.0,3958200.0,77496.0,0.0,0.041666666666666664
2018-08-14,78742.0,77499.0,77499.0,78602.0,3713000.0,78602.0,0.0,0.1114583333333333
2018-08-15,78618.0,76829.0,78614.0,77078.0,4386400.0,77078.0,0.0,0.0
2018-08-16,77704.0,76381.0,77085.0,76819.0,3285400.0,76819.0,0.0,0.240625
2018-08-17,76817.0,75633.0,76817.0,76029.0,3742300.0,76029.0,0.0,0.0
2018-08-20,76497.0,75608.0,76029.0,76328.0,3578100.0,76328.0,0.5,0.3352272727272727
2018-08-21,76340.0,74915.0,76327.0,75180.0,4077000.0,75180.0,0.0,0.10416666666666667
2018-08-22,76904.0,74876.0,75171.0,76902.0,3610400.0,76902.0,0.0,0.1458333333333333
2018-08-23,77232.0,75466.0,76898.0,75634.0,3866700.0,75634.0,0.5,0.42624999999999996
2018-08-24,76629.0,75647.0,75647.0,76262.0,3159900.0,76262.0,0.0,0.0
2018-08-27,78008.0,76264.0,76264.0,77930.0,2750600.0,77930.0,0.0,0.0625
2018-08-28,78038.0,77149.0,77928.0,77473.0,2964800.0,77473.0,0.2,0.13716666666666663
2018-08-29,78783.0,77399.0,77472.0,78389.0,3127600.0,78389.0,0.0,0.0625
2018-08-30,78389.0,76372.0,78389.0,76404.0,3546800.0,76404.0,0.0,0.027083333333333324
2018-08-31,77202.0,76026.0,76386.0,76678.0,4145600.0,76678.0,0.0,0.0
2018-09-03,76675.0,75729.0,76675.0,76193.0,1673300.0,76193.0,1.0,0.5053030303030303
2018-09-04,76192.0,74605.0,76192.0,74712.0,3162300.0,74712.0,0.0,0.0
2018-09-05,75370.0,74276.0,74712.0,75092.0,2830400.0,75092.0,0.0,0.0375
2018-09-06,76533.0,74986.0,75098.0,76416.0,3298500.0,76416.0,0.6666666666666666,0.36348484848484847
2018-09-10,77293.0,76115.0,76416.0,76436.0,3105200.0,76436.0,0.0,0.0
2018-09-11,76437.0,74275.0,76437.0,74657.0,0.0,74657.0,0.0,0.0
2018-09-12,75680.0,74499.0,74680.0,75125.0,3709100.0,75125.0,0.0,0.0
2018-09-13,75407.0,74501.0,75126.0,74687.0,3062100.0,74687.0,0.0,0.0
2018-09-14,75705.0,74445.0,74687.0,75429.0,3231700.0,75429.0,0.0,0.0
2018-09-17,76893.0,75227.0,75428.0,76789.0,3397600.0,76789.0,0.0,0.041666666666666664
2018-09-18,78454.0,76677.0,76781.0,78314.0,4167000.0,78314.0,0.0,0.1458333333333333
2018-09-19,79021.0,77624.0,78268.0,78169.0,3780800.0,78169.0,0.0,0.15625
2018-09-20,78944.0,77820.0,78169.0,78116.0,3137600.0,78116.0,0.0,0.2625
2018-09-21,80002.0,78116.0,78116.0,79444.0,4666800.0,79444.0,0.0,0.0
2018-09-24,79447.0,77857.0,79447.0,77984.0,0.0,77984.0,0.0,0.0
2018-09-25,78688.0,77005.0,77980.0,78630.0,3700400.0,78630.0,0.0,0.0
2018-09-26,79461.0,78530.0,78634.0,78656.0,3735300.0,78656.0,0.0,0.0
2018-09-27,80107.0,78676.0,78676.0,80000.0,4475000.0,80000.0,0.0,0.0
2018-09-28,80000.0,78967.0,80000.0,79342.0,4061400.0,79342.0,0.0,0.0
2018-10-01,79557.0,78091.0,79350.0,78624.0,3134400.0,78624.0,0.3333333333333333,0.12655555555555556
2018-10-02,81778.0,78625.0,78625.0,81612.0,5929900.0,81612.0,0.3333333333333333,0.4583333333333333
2018-10-03,85442.0,81623.0,81624.0,83273.0,7618600.0,83273.0,1.0,0.5641098484848485
2018-10-04,83430.0,81892.0,83275.0,82953.0,4935600.0,82953.0,0.25,0.5473484848484849
2018-10-05,83805.0,82030.0,82972.0,82322.0,5394800.0,82322.0,0.0,0.0
2018-10-08,87333.0,82324.0,82324.0,86084.0,9999000.0,86084.0,0.0,0.0
2018-10-09,86573.0,85433.0,86053.0,86088.0,6461000.0,86088.0,0.0,0.0
2018-10-10,86085.0,83679.0,86084.0,83679.0,0.0,83679.0,0.0,0.0
2018-10-11,84749.0,82607.0,83700.0,82921.0,5188700.0,82921.0,0.0,0.0
2018-10-15,84278.0,82922.0,82922.0,83360.0,4782900.0,83360.0,1.0,0.375
2018-10-16,85718.0,83420.0,83420.0,85718.0,4811300.0,85718.0,0.5,0.3125
2018-10-17,86167.0,84944.0,85714.0,85764.0,4858600.0,85764.0,0.0,0.19166666666666665
2018-10-18,85760.0,83846.0,85760.0,83847.0,4085300.0,83847.0,0.0,0.1125
2018-10-19,84954.0,83667.0,83845.0,84220.0,3753500.0,84220.0,0.0,0.0
2018-10-22,85772.0,84222.0,84222.0,85597.0,3873700.0,85597.0,0.0,0.15416666666666665
2018-10-23,85595.0,84032.0,85595.0,85300.0,4388100.0,85300.0,0.0,0.2708333333333333
2018-10-24,85786.0,83035.0,85302.0,83064.0,4679200.0,83064.0,0.0,0.32395833333333335
2018-10-25,84831.0,83124.0,83124.0,84084.0,0.0,84084.0,0.2,0.2499181818181818
2018-10-26,85720.0,83497.0,84084.0,85720.0,6471500.0,85720.0,0.0,0.0
2018-10-29,88377.0,82783.0,85728.0,83797.0,7733900.0,83797.0,0.0,0.0
2018-10-30,86990.0,83802.0,83802.0,86886.0,6556900.0,86886.0,0.0,0.0
2018-10-31,88028.0,86213.0,86889.0,87424.0,5889800.0,87424.0,0.0,0.0
2018-11-01,89017.0,87094.0,87428.0,88419.0,5878400.0,88419.0,0.0,0.0
2018-11-05,89598.0,88347.0,88418.0,89598.0,4620800.0,89598.0,0.0,0.025
2018-11-06,89587.0,88066.0,89587.0,88669.0,0.0,88669.0,0.0,0.075
2018-11-07,89565.0,87541.0,88676.0,87714.0,4371300.0,87714.0,0.6666666666666666,0.29984848484848486
2018-11-08,88570.0,85620.0,87719.0,85620.0,5297700.0,85620.0,0.6666666666666666,0.4583333333333333
2018-11-09,86233.0,84030.0,85620.0,85641.0,4814400.0,85641.0,0.0,0.0
2018-11-12,86227.0,85009.0,85644.0,85525.0,3534000.0,85525.0,0.0,0.144047619047619
2018-11-13,85941.0,84071.0,85531.0,84914.0,4410700.0,84914.0,1.0,0.4276136363636363
2018-11-14,85973.0,84267.0,84898.0,85973.0,5591600.0,85973.0,0.6,0.37716666666666665
2018-11-16,88516.0,85975.0,85975.0,88515.0,5184200.0,88515.0,0.0,0.0
2018-11-19,88484.0,87047.0,88472.0,87901.0,3642100.0,87901.0,0.0,0.10416666666666667
2018-11-21,87896.0,86254.0,87896.0,87269.0,4140600.0,87269.0,0.0,0.0
2018-11-22,87656.0,87222.0,87269.0,87477.0,2244500.0,87477.0,0.25,0.1548611111111111
2018-11-23,87479.0,85763.0,87479.0,86230.0,4148700.0,86230.0,0.0,0.0
2018-11-26,87147.0,84905.0,86237.0,85547.0,4557300.0,85547.0,0.5,0.25666666666666665
2018-11-27,88018.0,85377.0,85547.0,87891.0,4971300.0,87891.0,0.6666666666666666,0.4553571428571428
2018-11-28,89483.0,87153.0,87891.0,89251.0,5295600.0,89251.0,0.0,0.07291666666666664
2018-11-29,89910.0,88475.0,89145.0,89710.0,4257400.0,89710.0,0.25,0.09672619047619045
2018-11-30,90246.0,89258.0,89709.0,89504.0,6736700.0,89504.0,0.0,0.0
2018-12-03,91242.0,89429.0,89511.0,89820.0,5935600.0,89820.0,0.0,0.0
2018-12-04,90452.0,88041.0,89820.0,88624.0,4879700.0,88624.0,0.0,0.0
2018-12-05,89111.0,88449.0,88644.0,89040.0,2790000.0,89040.0,0.0,0.0
2018-12-06,88933.0,87025.0,88933.0,88846.0,4370100.0,88846.0,0.0,0.0
2018-12-07,89986.0,87907.0,88849.0,88115.0,4479100.0,88115.0,0.0,0.0
2018-12-10,88384.0,85915.0,88115.0,85915.0,4084400.0,85915.0,0.5,0.26999999999999996
2018-12-11,87520.0,85583.0,85918.0,86420.0,4390100.0,86420.0,0.2,0.13649999999999998
2018-12-12,87946.0,86420.0,86420.0,86977.0,5000500.0,86977.0,1.0,0.3006249999999999
2018-12-13,87842.0,86856.0,86979.0,87838.0,3658600.0,87838.0,0.0,0.1895833333333333
2018-12-14,88184.0,87106.0,87838.0,87450.0,3553300.0,87450.0,0.0,0.0
2018-12-17,87820.0,86328.0,87448.0,86400.0,3849300.0,86400.0,0.0,0.0
2018-12-18,87274.0,86400.0,86400.0,86610.0,4093500.0,86610.0,0.0,0.0
2018-12-19,88101.0,85674.0,86617.0,85674.0,5664200.0,85674.0,0.0,0.0
2018-12-20,86584.0,84756.0,85678.0,85269.0,6100500.0,85269.0,0.0,0.0
2018-12-21,86554.0,85134.0,85269.0,85697.0,6076200.0,85697.0,0.0,0.0
2018-12-26,85684.0,83892.0,85684.0,85136.0,3355100.0,85136.0,0.0,0.0
2018-12-27,85739.0,84876.0,85141.0,85460.0,3820900.0,85460.0,0.0,0.0
2018-12-28,88044.0,85469.0,85469.0,87887.0,3649100.0,87887.0,0.0,0.0
2019-01-02,91479.0,87536.0,87887.0,91012.0,5615400.0,91012.0,0.0,0.0
2019-01-03,91596.0,89922.0,91011.0,91564.0,6066200.0,91564.0,0.0,0.0
2019-01-04,92701.0,90824.0,91577.0,91841.0,5322100.0,91841.0,0.0,0.0
2019-01-07,92552.0,91288.0,91845.0,91699.0,4565000.0,91699.0,0.0,0.0
2019-01-08,92231.0,91064.0,91699.0,92032.0,4496500.0,92032.0,0.0,0.0
2019-01-09,93626.0,92028.0,92033.0,93613.0,5011400.0,93613.0,0.0,0.0
2019-01-10,93987.0,93050.0,93599.0,93806.0,4840600.0,93806.0,0.0,0.0
2019-01-11,93961.0,93359.0,93806.0,93658.0,5330500.0,93658.0,0.0,0.0
2019-01-14,94474.0,93335.0,93645.0,94474.0,4486900.0,94474.0,0.0,0.0
2019-01-15,94695.0,93402.0,94474.0,94056.0,4836400.0,94056.0,0.0,0.0
2019-01-16,94393.0,93687.0,94057.0,94393.0,4257400.0,94393.0,0.0,0.0
2019-01-17,95682.0,93950.0,94393.0,95351.0,4944200.0,95351.0,0.0,0.0
2019-01-18,96396.0,95386.0,95386.0,96097.0,4884000.0,96097.0,0.0,0.0
2019-01-21,96093.0,94863.0,96093.0,96010.0,2717600.0,96010.0,0.0,0.0
2019-01-22,96070.0,94662.0,96008.0,95103.0,4256000.0,95103.0,0.0,0.0
2019-01-23,96576.0,95116.0,95116.0,96558.0,0.0,96558.0,0.0,0.0
2019-01-24,97677.0,96558.0,96558.0,97677.0,5019400.0,97677.0,0.0,0.0
2019-01-28,97937.0,94783.0,97674.0,95444.0,7185300.0,95444.0,0.0,0.20833333333333334
2019-01-29,96751.0,95508.0,95508.0,95639.0,5262000.0,95639.0,0.0,0.0833333333333333
2019-01-30,97107.0,95643.0,95643.0,96996.0,6164400.0,96996.0,1.0,0.5399999999999999
2019-01-31,98405.0,96996.0,96996.0,97394.0,5976000.0,97394.0,0.6666666666666666,0.3116666666666666
2019-02-01,98044.0,96990.0,97395.0,97861.0,4301600.0,97861.0,0.0,0.0
2019-02-04,98589.0,96901.0,97861.0,98589.0,4278300.0,98589.0,0.25,0.13715277777777773
2019-02-05,98587.0,97596.0,98587.0,98311.0,4773700.0,98311.0,0.0,0.0
2019-02-06,98308.0,94636.0,98308.0,94636.0,5458200.0,94636.0,0.0,0.375
2019-02-07,95642.0,93507.0,94654.0,94406.0,5612500.0,94406.0,0.5,0.22083333333333333
2019-02-08,95486.0,93424.0,94401.0,95343.0,5302500.0,95343.0,0.0,0.0
2019-02-11,95499.0,93737.0,95351.0,94413.0,3767300.0,94413.0,0.0,0.0
2019-02-12,96571.0,94420.0,94420.0,96168.0,4915000.0,96168.0,0.0,0.0
2019-02-13,96804.0,95389.0,96169.0,95842.0,5814400.0,95842.0,0.0,0.0
2019-02-14,98019.0,94915.0,95843.0,98015.0,5222300.0,98015.0,0.0,0.0
2019-02-15,98238.0,97083.0,98015.0,97526.0,4586300.0,97526.0,0.0,0.0
2019-02-18,97527.0,96239.0,97527.0,96510.0,2837100.0,96510.0,0.0,0.031944444444444435
2019-02-19,98185.0,96513.0,96513.0,97659.0,4830600.0,97659.0,0.5,0.14488636363636365
2019-02-20,98544.0,96545.0,97661.0,96545.0,5906800.0,96545.0,0.0,0.15625
2019-02-21,97231.0,95793.0,96546.0,96932.0,5814100.0,96932.0,0.25,0.07697916666666665
2019-02-22,97887.0,96929.0,96929.0,97886.0,4426600.0,97886.0,0.0,0.0
2019-02-25,98190.0,97087.0,97881.0,97240.0,4360000.0,97240.0,0.0,0.0
2019-02-26,97904.0,97235.0,97242.0,97603.0,3555100.0,97603.0,0.0,0.0
2019-02-27,97782.0,96886.0,97603.0,97307.0,3873500.0,97307.0,0.0,0.0
2019-02-28,97528.0,95364.0,97307.0,95584.0,5365700.0,95584.0,0.0,0.0
2019-03-01,96113.0,94394.0,95584.0,94604.0,4054700.0,94604.0,0.0,0.0
2019-03-07,94532.0,93729.0,94216.0,94340.0,4104300.0,94340.0,0.0,0.125
2019-03-08,95476.0,93305.0,94340.0,95365.0,4054200.0,95365.0,0.0,0.0
2019-03-11,98027.0,95384.0,95384.0,98027.0,4251500.0,98027.0,0.3333333333333333,0.1125
2019-03-12,98150.0,97267.0,98038.0,97828.0,3832900.0,97828.0,0.3333333333333333,0.2538888888888889
2019-03-13,99267.0,97464.0,97831.0,98904.0,4812100.0,98904.0,0.3333333333333333,0.20597643097643095
2019-03-14,99036.0,97776.0,98905.0,98605.0,3584500.0,98605.0,0.0,0.125
2019-03-15,99393.0,98597.0,98605.0,99137.0,5136400.0,99137.0,0.0,0.0
2019-03-18,100038.0,99141.0,99141.0,99994.0,4204100.0,99994.0,0.0,0.0
2019-03-19,100439.0,99373.0,99991.0,99588.0,5231100.0,99588.0,0.0,0.0
2019-03-20,99708.0,97981.0,99588.0,98041.0,4633200.0,98041.0,0.0,0.0
2019-03-21,98046.0,95456.0,98041.0,96729.0,5321200.0,96729.0,0.0,0.0
2019-03-22,96725.0,93380.0,96725.0,93735.0,6001100.0,93735.0,0.0,0.0
2019-03-25,94384.0,93103.0,93735.0,93662.0,4508400.0,93662.0,0.0,0.0
2019-03-26,95525.0,93668.0,93668.0,95307.0,4660700.0,95307.0,0.0,0.0
2019-03-27,95297.0,91903.0,95297.0,91903.0,5726900.0,91903.0,0.0,0.0
2019-03-28,94854.0,91584.0,91901.0,94389.0,5192300.0,94389.0,0.0,0.0
2019-03-29,95863.0,94402.0,94402.0,95415.0,4674600.0,95415.0,0.0,0.0
2019-04-01,96752.0,95423.0,95423.0,96054.0,3753500.0,96054.0,0.6666666666666666,0.2978282828282828
2019-04-02,96690.0,94825.0,96062.0,95387.0,3713200.0,95387.0,0.0,0.125
2019-04-03,96442.0,94124.0,95392.0,94491.0,4308900.0,94491.0,0.3333333333333333,0.1344949494949495
2019-04-04,96394.0,94334.0,94503.0,96313.0,4086200.0,96313.0,0.0,0.125
2019-04-05,97493.0,96152.0,96319.0,97108.0,3689000.0,97108.0,0.0,0.0
2019-04-08,97610.0,96743.0,97110.0,97369.0,3430800.0,97369.0,0.0,0.0
2019-04-09,97366.0,95488.0,97366.0,96292.0,3733400.0,96292.0,0.0,0.0
2019-04-10,96902.0,95670.0,96292.0,95953.0,4574600.0,95953.0,0.0,0.0
2019-04-11,95954.0,94173.0,95954.0,94755.0,3530500.0,94755.0,0.0,0.0
2019-04-12,94768.0,92516.0,94747.0,92875.0,6712200.0,92875.0,0.0,0.0
2019-04-15,93723.0,92697.0,92875.0,93083.0,4629800.0,93083.0,0.3333333333333333,0.15249999999999997
2019-04-16,95062.0,92879.0,93082.0,94333.0,4581600.0,94333.0,0.5,0.1708333333333333
2019-04-17,95042.0,92338.0,94337.0,93285.0,6458600.0,93285.0,0.6666666666666666,0.17777777777777773
2019-04-18,95140.0,93285.0,93285.0,94578.0,4933300.0,94578.0,0.0,0.0
2019-04-22,95038.0,93721.0,94578.0,94588.0,3176600.0,94588.0,0.0,0.0
2019-04-23,96315.0,94590.0,94590.0,95923.0,4309100.0,95923.0,0.0,0.0
2019-04-24,95923.0,94163.0,95923.0,95045.0,4658800.0,95045.0,0.0,0.0
2019-04-25,96552.0,94213.0,95027.0,96552.0,4878200.0,96552.0,0.0,0.0
2019-04-26,96563.0,95620.0,96552.0,96236.0,3767100.0,96236.0,0.0,0.0
2019-04-29,97123.0,96004.0,96254.0,96188.0,3225400.0,96188.0,0.0,0.0
2019-04-30,96707.0,95613.0,96191.0,96353.0,4228600.0,96353.0,0.0,0.0
2019-05-02,96339.0,95312.0,96339.0,95528.0,3863600.0,95528.0,0.0,0.0
2019-05-03,96315.0,95521.0,95521.0,96008.0,4014800.0,96008.0,0.0,0.0
2019-05-06,95992.0,94540.0,95992.0,95009.0,3216000.0,95009.0,0.2,0.11045454545454544
2019-05-07,95009.0,92750.0,95009.0,94389.0,4907400.0,94389.0,0.25,0.1515625
2019-05-08,96312.0,94389.0,94389.0,95597.0,4916500.0,95597.0,0.0,0.3125
2019-05-09,95597.0,93883.0,95597.0,94808.0,4152200.0,94808.0,0.5,0.75
2019-05-10,94848.0,93234.0,94809.0,94258.0,4097900.0,94258.0,0.0,0.0
2019-05-13,94252.0,91600.0,94252.0,91727.0,4662600.0,91727.0,0.0,0.0
2019-05-14,92529.0,91562.0,91736.0,92092.0,4045400.0,92092.0,0.0,0.0
2019-05-15,92088.0,90295.0,92088.0,91623.0,4791900.0,91623.0,0.0,0.0
2019-05-16,91622.0,89778.0,91622.0,90024.0,5570000.0,90024.0,0.0,0.0
2019-05-17,91321.0,89409.0,90023.0,89993.0,5342700.0,89993.0,0.0,0.0
2019-05-20,92117.0,89822.0,90006.0,91946.0,4620000.0,91946.0,0.0,0.0
2019-05-21,94573.0,91946.0,91946.0,94485.0,5397000.0,94485.0,0.0,0.0
2019-05-22,95212.0,93883.0,94485.0,94361.0,4232500.0,94361.0,0.0,0.0
2019-05-23,94547.0,93300.0,94360.0,93910.0,3787800.0,93910.0,0.0,0.0
2019-05-24,94900.0,93545.0,93912.0,93628.0,3484700.0,93628.0,0.0,0.0
2019-05-27,95444.0,93626.0,93626.0,94864.0,2544800.0,94864.0,0.0,0.0
2019-05-28,96552.0,94707.0,94863.0,96393.0,6383100.0,96393.0,0.0,0.0
2019-05-29,96986.0,95690.0,96389.0,96567.0,4559100.0,96567.0,0.0,0.0
2019-05-30,97939.0,96511.0,96566.0,97457.0,4398200.0,97457.0,0.0,0.0
2019-05-31,97992.0,96792.0,97420.0,97030.0,5089500.0,97030.0,0.0,0.0
2019-06-03,97757.0,96430.0,97036.0,97020.0,4547900.0,97020.0,0.0,0.3729166666666666
2019-06-04,97723.0,96593.0,97020.0,97380.0,4293300.0,97380.0,0.0,0.153125
2019-06-05,97686.0,95686.0,97381.0,95999.0,3769100.0,95999.0,0.5,0.40194444444444444
2019-06-06,97462.0,96002.0,96002.0,97205.0,4054900.0,97205.0,0.0,0.06944444444444443
2019-06-07,98326.0,97205.0,97205.0,97821.0,3718500.0,97821.0,0.0,0.0
2019-06-10,97856.0,96782.0,97828.0,97467.0,3584000.0,97467.0,0.0,0.0
2019-06-11,98985.0,97467.0,97467.0,98960.0,4922400.0,98960.0,0.0,0.0
2019-06-12,99240.0,97831.0,98960.0,98321.0,4948800.0,98321.0,0.0,0.0
2019-06-13,99364.0,98321.0,98321.0,98774.0,5594000.0,98774.0,0.0,0.0
2019-06-14,98981.0,97601.0,98776.0,98040.0,9184900.0,98040.0,0.0,0.0
2019-06-17,98439.0,97623.0,98038.0,97623.0,3926300.0,97623.0,0.0,0.0
2019-06-18,99412.0,97633.0,97633.0,99404.0,4524500.0,99404.0,0.0,0.0
2019-06-19,100327.0,98978.0,99403.0,100303.0,4411300.0,100303.0,0.0,0.0
2019-06-21,102100.0,100305.0,100305.0,102013.0,5490800.0,102013.0,0.0,0.0
2019-06-24,102617.0,101589.0,102018.0,102062.0,3559800.0,102062.0,0.3333333333333333,0.1452020202020202
2019-06-25,102061.0,99890.0,102061.0,100093.0,4469200.0,100093.0,0.3333333333333333,0.2041666666666667
2019-06-26,101126.0,100095.0,100095.0,100689.0,5013800.0,100689.0,0.0,0.2083333333333333
2019-06-27,101025.0,99421.0,100689.0,100724.0,4154700.0,100724.0,0.0,0.125
2019-06-28,101563.0,100726.0,100726.0,100967.0,4079900.0,100967.0,0.0,0.0
2019-07-01,102432.0,100973.0,100973.0,101340.0,411600.0,101340.0,0.3333333333333333,0.20833333333333334
2019-07-02,101565.0,100073.0,101342.0,100605.0,4951600.0,100605.0,1.0,0.2698863636363636
2019-07-03,102177.0,100451.0,100576.0,102043.0,4801200.0,102043.0,0.5,0.3176136363636364
2019-07-04,104022.0,102047.0,102047.0,103636.0,3978700.0,103636.0,0.5,0.38352272727272724
2019-07-05,104176.0,102622.0,103628.0,104089.0,4208400.0,104089.0,0.0,0.0
2019-07-08,104679.0,103988.0,104090.0,104530.0,3500300.0,104530.0,0.0,0.0
2019-07-10,106650.0,104537.0,104537.0,105817.0,6815700.0,105817.0,0.0,0.0
2019-07-11,105886.0,104814.0,105818.0,105146.0,4845300.0,105146.0,0.0,0.0
2019-07-12,105731.0,103903.0,105158.0,103906.0,4748000.0,103906.0,0.0,0.0
2019-07-15,104578.0,103495.0,103909.0,103803.0,3995500.0,103803.0,0.0,0.0
2019-07-16,104440.0,103361.0,103805.0,103775.0,4475800.0,103775.0,0.0,0.0
2019-07-17,104453.0,103712.0,103775.0,103856.0,3818300.0,103856.0,0.0,0.0
2019-07-18,104773.0,103859.0,103859.0,104717.0,4410900.0,104717.0,0.0,0.0
2019-07-19,104723.0,103388.0,104716.0,103452.0,3484400.0,103452.0,0.0,0.0
2019-07-22,104278.0,103452.0,103452.0,103949.0,3464400.0,103949.0,0.5,0.15
2019-07-23,104430.0,103518.0,103949.0,103704.0,4050300.0,103704.0,0.0,0.15625
2019-07-24,104570.0,103707.0,103707.0,104120.0,4872700.0,104120.0,0.0,0.0
2019-07-25,103464.0,102390.0,102991.0,102655.0,5804700.0,102655.0,0.0,0.0
2019-07-26,103209.0,102196.0,102654.0,102819.0,5141400.0,102819.0,0.0,0.0
2019-07-29,103483.0,102461.0,102817.0,103483.0,3559900.0,103483.0,0.0,0.0
2019-07-30,103555.0,102596.0,103483.0,102933.0,4060500.0,102933.0,0.0,0.16875
2019-07-31,103129.0,100950.0,102946.0,101812.0,5072900.0,101812.0,0.0,0.3125
2019-08-01,104056.0,101819.0,101819.0,102126.0,7129100.0,102126.0,0.6666666666666666,0.262037037037037
2019-08-02,103180.0,101667.0,102122.0,102674.0,4923500.0,102674.0,0.0,0.0
2019-08-05,102658.0,99630.0,102658.0,100098.0,5000400.0,100098.0,0.0,0.40520833333333334
2019-08-06,102178.0,100098.0,100098.0,102164.0,5074800.0,102164.0,0.0,0.125
2019-08-07,102784.0,100476.0,102163.0,102782.0,5570600.0,102782.0,0.5,0.25
2019-08-08,104282.0,102811.0,102811.0,104115.0,5538300.0,104115.0,0.25,0.0790625
2019-08-09,104848.0,103547.0,104102.0,103996.0,4549300.0,103996.0,0.0,0.0
2019-08-12,103946.0,101621.0,103946.0,101915.0,4509700.0,101915.0,0.0,0.4583333333333333
2019-08-13,103778.0,101414.0,101912.0,103299.0,5198900.0,103299.0,0.25,0.22397727272727272
2019-08-14,103270.0,99955.0,103270.0,100258.0,6485200.0,100258.0,0.0,0.05
2019-08-15,101014.0,98200.0,100262.0,99057.0,6585300.0,99057.0,1.0,0.6412499999999999
2019-08-16,100567.0,99059.0,99059.0,99806.0,5483400.0,99806.0,0.0,0.0
2019-08-19,100948.0,98908.0,99810.0,99469.0,4924000.0,99469.0,0.5,0.25
2019-08-20,99665.0,98002.0,99472.0,99222.0,5235200.0,99222.0,0.0,0.1208333333333333
2019-08-21,101240.0,99221.0,99227.0,101202.0,5969700.0,101202.0,0.0,0.15625
2019-08-22,101469.0,100011.0,101209.0,100011.0,4495500.0,100011.0,0.5,0.36666666666666664
2019-08-23,100025.0,97085.0,100007.0,97667.0,5668800.0,97667.0,0.0,0.0
2019-08-26,98436.0,95961.0,97687.0,96430.0,4136800.0,96430.0,0.14285714285714285,0.09095238095238094
2019-08-27,97951.0,95855.0,96434.0,97276.0,6581700.0,97276.0,0.0,0.05
2019-08-28,98346.0,96557.0,97273.0,98194.0,4350800.0,98194.0,0.3333333333333333,0.17499999999999996
2019-08-29,100684.0,98194.0,98194.0,100524.0,5163300.0,100524.0,0.0,0.0333333333333333
2019-08-30,101551.0,100526.0,100526.0,101135.0,6109600.0,101135.0,0.0,0.0
2019-09-02,101611.0,100626.0,101133.0,100626.0,2685400.0,100626.0,0.6666666666666666,0.3617003367003367
2019-09-03,101417.0,99406.0,100626.0,99681.0,0.0,99681.0,0.0,0.2625
2019-09-04,101201.0,99706.0,99706.0,101201.0,4310700.0,101201.0,1.0,0.4527777777777778
2019-09-05,103258.0,101204.0,101204.0,102243.0,4814300.0,102243.0,0.0,0.0
2019-09-06,103182.0,102246.0,102247.0,102935.0,3976000.0,102935.0,0.0,0.0
2019-09-09,104260.0,102793.0,102937.0,103181.0,5516800.0,103181.0,1.0,0.2849999999999999
2019-09-10,103503.0,102231.0,103180.0,103032.0,5478900.0,103032.0,0.0,0.1708333333333333
2019-09-11,104156.0,103036.0,103036.0,103446.0,4877000.0,103446.0,0.5,0.2727272727272727
2019-09-12,104618.0,103733.0,104389.0,104371.0,4962500.0,104371.0,0.0,0.0
2019-09-13,104699.0,103275.0,104371.0,103501.0,4039400.0,103501.0,0.0,0.0
2019-09-16,104005.0,102782.0,103496.0,103680.0,6038700.0,103680.0,0.0,0.0
2019-09-17,104619.0,103079.0,103680.0,104617.0,4574900.0,104617.0,0.0,0.0
2019-09-18,104762.0,103684.0,104616.0,104532.0,3882100.0,104532.0,0.0,0.0
2019-09-19,106001.0,104286.0,104555.0,104339.0,4915800.0,104339.0,0.0,0.0
2019-09-20,105045.0,103914.0,104339.0,104817.0,6769100.0,104817.0,0.0,0.0
2019-09-23,104817.0,104020.0,104817.0,104638.0,6769100.0,104638.0,0.0,0.3125
2019-09-24,104893.0,103504.0,104638.0,103876.0,3972200.0,103876.0,0.0,0.03333333333333333
2019-09-25,104481.0,103034.0,103857.0,104481.0,4117500.0,104481.0,1.0,0.5399999999999999
2019-09-26,105342.0,104337.0,104485.0,105319.0,4138700.0,105319.0,0.0,0.0
2019-09-27,105633.0,104506.0,105319.0,105078.0,3471200.0,105078.0,0.0,0.0
2019-09-30,105178.0,104638.0,105077.0,104745.0,3895800.0,104745.0,0.0,0.0
2019-10-01,105121.0,103837.0,104745.0,104053.0,4095700.0,104053.0,0.0,0.0
2019-10-02,104049.0,100944.0,104049.0,101031.0,5066200.0,101031.0,0.0,0.0
2019-10-03,101560.0,99826.0,101031.0,101516.0,4665600.0,101516.0,0.0,0.0
2019-10-04,102580.0,101057.0,101516.0,102551.0,4649400.0,102551.0,0.0,0.0
2019-10-07,102546.0,100542.0,102546.0,100573.0,3938300.0,100573.0,0.0,0.0
2019-10-08,101296.0,99868.0,100565.0,99981.0,4342700.0,99981.0,0.0,0.0
2019-10-09,101567.0,100005.0,100005.0,101249.0,3939000.0,101249.0,0.0,0.0
2019-10-10,102483.0,101152.0,101244.0,101817.0,4373100.0,101817.0,0.0,0.0
2019-10-11,104381.0,101819.0,101819.0,103832.0,4351800.0,103832.0,0.0,0.0
2019-10-14,104305.0,103438.0,103834.0,104302.0,2987900.0,104302.0,0.0,0.0
2019-10-15,105048.0,104052.0,104299.0,104490.0,4093400.0,104490.0,0.0,0.0
2019-10-16,105462.0,103521.0,104486.0,105423.0,4509400.0,105423.0,0.0,0.0
2019-10-17,105891.0,104827.0,105389.0,105016.0,4189000.0,105016.0,0.0,0.0
2019-10-18,105464.0,104525.0,105012.0,104729.0,4478100.0,104729.0,0.0,0.0
2019-10-21,106027.0,104696.0,104729.0,106022.0,3504900.0,106022.0,0.0,0.0
2019-10-22,107382.0,107076.0,107101.0,107381.0,5224900.0,107381.0,0.0,0.0
2019-10-23,107959.0,107041.0,107381.0,107544.0,4656200.0,107544.0,0.0,0.0
2019-10-24,107744.0,106593.0,107553.0,106986.0,5619200.0,106986.0,0.0,0.0
2019-10-25,108083.0,106990.0,106990.0,107364.0,5398900.0,107364.0,0.0,0.0
2019-10-28,108393.0,107362.0,107366.0,108187.0,3967200.0,108187.0,0.0,0.0
2019-10-29,108195.0,107313.0,108189.0,107556.0,4313200.0,107556.0,0.0,0.0
2019-10-30,108408.0,106622.0,107557.0,108408.0,5450600.0,108408.0,0.0,0.0
2019-10-31,108403.0,106356.0,108403.0,107220.0,5376000.0,107220.0,0.0,0.0
2019-11-01,108496.0,107220.0,107221.0,108196.0,5466300.0,108196.0,0.0,0.0
2019-11-04,109352.0,108196.0,108196.0,108601.0,5182200.0,108601.0,0.5,0.6324242424242424
2019-11-05,109343.0,108253.0,108779.0,108451.0,5657600.0,108451.0,1.0,0.29848484848484846
2019-11-06,109633.0,107446.0,108719.0,108336.0,5505500.0,108336.0,0.5,0.3183333333333333
2019-11-07,109672.0,108360.0,108360.0,109581.0,6075600.0,109581.0,0.0,0.08125
2019-11-08,109572.0,107127.0,109572.0,107629.0,5419600.0,107629.0,0.0,0.0
2019-11-11,108263.0,106814.0,107622.0,108215.0,3928900.0,108215.0,0.0,0.0
2019-11-12,108368.0,106232.0,108368.0,106785.0,5219300.0,106785.0,0.0,0.0
2019-11-13,106786.0,105261.0,106751.0,105914.0,5339000.0,105914.0,0.0,0.0
2019-11-14,106758.0,105820.0,106052.0,106557.0,5364300.0,106557.0,0.0,0.0
2019-11-18,107519.0,106282.0,106566.0,106347.0,4919800.0,106347.0,0.0,0.0
2019-11-19,106950.0,105367.0,106269.0,105618.0,3610300.0,105618.0,0.0,0.0
2019-11-21,107497.0,105864.0,105866.0,107497.0,5819400.0,107497.0,0.0,0.0
2019-11-22,108692.0,107157.0,107497.0,108692.0,4796100.0,108692.0,0.0,0.0
2019-11-25,108915.0,108080.0,108692.0,108424.0,4512400.0,108424.0,0.4,0.14787878787878786
2019-11-26,108424.0,106414.0,108424.0,107059.0,6904900.0,107059.0,0.2,0.2505
2019-11-27,107991.0,106312.0,107059.0,107708.0,4418200.0,107708.0,0.0,0.1
2019-11-28,108333.0,107148.0,107708.0,108290.0,3666100.0,108290.0,0.0,0.5133333333333333
2019-11-29,108708.0,107759.0,108283.0,108233.0,4186600.0,108233.0,0.0,0.0
2019-12-02,109279.0,108245.0,108246.0,109061.0,4708000.0,109061.0,0.5,0.25708333333333333
2019-12-03,109198.0,108190.0,108931.0,108956.0,5223100.0,108956.0,0.0,0.2020833333333333
2019-12-04,110301.0,108962.0,108962.0,110301.0,4889500.0,110301.0,0.5,0.21380681818181815
2019-12-05,111073.0,110008.0,110297.0,110622.0,4399100.0,110622.0,0.0,0.07291666666666664
2019-12-06,111430.0,110623.0,110623.0,111126.0,4968100.0,111126.0,0.0,0.0
2019-12-09,111453.0,110870.0,111125.0,110977.0,4991500.0,110977.0,0.0,0.0
2019-12-10,111184.0,110133.0,110973.0,110672.0,4758800.0,110672.0,0.0,0.0
2019-12-11,111227.0,110530.0,110672.0,110964.0,5146100.0,110964.0,0.0,0.0
2019-12-12,112445.0,110963.0,110963.0,112200.0,5682000.0,112200.0,0.0,0.0
2019-12-13,112829.0,111780.0,112205.0,112565.0,7712100.0,112565.0,0.0,0.0
2019-12-16,113197.0,111896.0,112565.0,111896.0,6078300.0,111896.0,0.0,0.0
2019-12-17,112695.0,111897.0,111897.0,112616.0,5352500.0,112616.0,0.0,0.0
2019-12-18,114339.0,112300.0,112618.0,114315.0,7940900.0,114315.0,0.0,0.0
2019-12-19,115132.0,113712.0,114313.0,115131.0,5784600.0,115131.0,0.0,0.0
2019-12-20,115171.0,114526.0,115133.0,115121.0,6887400.0,115121.0,0.0,0.0
2019-12-23,115863.0,114964.0,115119.0,115863.0,3995200.0,115863.0,0.0,0.0
2019-12-26,117220.0,115673.0,115864.0,117203.0,3788900.0,117203.0,0.0,0.0
2019-12-27,117803.0,115995.0,117205.0,116534.0,3905900.0,116534.0,0.0,0.0
2019-12-30,117086.0,115790.0,116530.0,115964.0,3667900.0,115964.0,0.125,0.08139204545454544
2020-01-02,118573.0,115649.0,115652.0,118573.0,5162700.0,118573.0,0.5,0.2985353535353535
2020-01-03,118792.0,117341.0,118564.0,117707.0,6834500.0,117707.0,0.0,0.0
2020-01-06,117707.0,116269.0,117707.0,116878.0,6570000.0,116878.0,0.5,0.19696969696969696
2020-01-07,117076.0,115965.0,116872.0,116662.0,4854100.0,116662.0,0.3333333333333333,0.2098484848484848
2020-01-08,117335.0,115693.0,116667.0,116247.0,5910500.0,116247.0,0.0,0.041666666666666664
2020-01-09,116820.0,115411.0,116248.0,115947.0,5953500.0,115947.0,0.0,0.0
2020-01-10,116745.0,114952.0,115948.0,115503.0,4783400.0,115503.0,0.0,0.0
2020-01-13,117333.0,115503.0,115503.0,117325.0,5685100.0,117325.0,0.0,0.0
2020-01-14,117705.0,116610.0,117325.0,117632.0,5361700.0,117632.0,0.0,0.0
2020-01-15,117632.0,116188.0,117632.0,116414.0,5569400.0,116414.0,0.0,0.0
2020-01-16,117106.0,115961.0,116415.0,116704.0,5422700.0,116704.0,0.0,0.0
2020-01-17,118479.0,116710.0,116710.0,118478.0,4947200.0,118478.0,0.0,0.0
2020-01-20,118862.0,117928.0,118478.0,118862.0,3843500.0,118862.0,0.0,0.0
2020-01-21,118861.0,117026.0,118861.0,117026.0,5085600.0,117026.0,0.0,0.0
2020-01-22,118401.0,117035.0,117035.0,118391.0,5765700.0,118391.0,0.0,0.0
2020-01-23,119535.0,116906.0,118391.0,119528.0,6572400.0,119528.0,0.0,0.0
2020-01-24,119593.0,118108.0,119528.0,118376.0,4778700.0,118376.0,0.0,0.0
2020-01-27,118347.0,114376.0,118347.0,114482.0,6097800.0,114482.0,0.0,1.0
2020-01-28,116797.0,114475.0,114482.0,116479.0,5229400.0,116479.0,0.25,0.24071969696969694
2020-01-29,117171.0,115164.0,116494.0,115385.0,5097800.0,115385.0,0.3333333333333333,0.11805555555555554
2020-01-30,115528.0,112825.0,115375.0,115528.0,6315600.0,115528.0,0.0,0.10416666666666666
2020-01-31,115518.0,113148.0,115518.0,113761.0,6219900.0,113761.0,0.0,0.0
2020-02-03,115299.0,113467.0,113761.0,114629.0,5512200.0,114629.0,0.0,0.0
2020-02-04,116556.0,114631.0,114631.0,115557.0,5829400.0,115557.0,0.0,0.0
2020-02-05,117701.0,115562.0,115563.0,116028.0,7173800.0,116028.0,0.0,0.0
2020-02-06,117382.0,114723.0,116033.0,115190.0,7382400.0,115190.0,0.0,0.0
2020-02-07,115190.0,113769.0,115190.0,113770.0,6594100.0,113770.0,0.0,0.0
2020-02-10,114176.0,112134.0,113771.0,112570.0,7486300.0,112570.0,0.0,0.0
2020-02-11,115576.0,112574.0,112574.0,115371.0,6767900.0,115371.0,0.0,0.0
2020-02-12,117581.0,115371.0,115371.0,116674.0,8159200.0,116674.0,0.0,0.125
2020-02-13,116660.0,114801.0,116660.0,115662.0,5635700.0,115662.0,0.5,0.1799242424242424
2020-02-14,115663.0,114132.0,115663.0,114381.0,5335900.0,114381.0,0.0,0.0
2020-02-17,115696.0,114381.0,114381.0,115309.0,0.0,115309.0,0.6666666666666666,0.24151515151515146
2020-02-18,115309.0,113532.0,115309.0,114977.0,5548400.0,114977.0,0.0,0.0
2020-02-19,116545.0,114774.0,114982.0,116518.0,6334100.0,116518.0,1.0,0.42812500000000003
2020-02-20,116552.0,114379.0,116518.0,114586.0,6793000.0,114586.0,0.5,0.26999999999999996
2020-02-21,114585.0,112661.0,114585.0,113681.0,5896200.0,113681.0,0.0,0.0
2020-02-27,106656.0,102984.0,105711.0,102984.0,11237700.0,102984.0,0.0,0.0
2020-02-28,104172.0,99951.0,102984.0,104172.0,11228400.0,104172.0,0.0,0.0
2020-03-02,107220.0,103779.0,104260.0,106625.0,8858400.0,106625.0,0.6666666666666666,0.27777777777777773
2020-03-03,108804.0,104405.0,106630.0,105537.0,9385600.0,105537.0,0.0,0.0
2020-03-04,107809.0,105042.0,105540.0,107224.0,8410500.0,107224.0,0.3333333333333333,0.1425925925925926
2020-03-05,107217.0,100536.0,107217.0,102233.0,8598600.0,102233.0,0.5,0.2145833333333333
2020-03-06,102231.0,96886.0,102231.0,97997.0,11864200.0,97997.0,0.0,0.0
2020-03-09,97982.0,85880.0,97982.0,86067.0,14645500.0,86067.0,0.0,0.0
2020-03-10,92230.0,86071.0,86071.0,92214.0,13531700.0,92214.0,1.0,0.2875
2020-03-11,92202.0,80796.0,92202.0,85171.0,11786900.0,85171.0,0.0,0.18958333333333333
2020-03-12,85103.0,68488.0,85103.0,72583.0,12008700.0,72583.0,0.2,0.255
2020-03-13,83758.0,72621.0,72621.0,82678.0,15766300.0,82678.0,0.0,0.0
2020-03-16,82565.0,70855.0,82565.0,71168.0,12847800.0,71168.0,0.0,0.0
2020-03-17,77255.0,70783.0,71178.0,74617.0,14945900.0,74617.0,0.0,0.0
2020-03-18,74576.0,63547.0,74576.0,66895.0,16751500.0,66895.0,0.0,0.0
2020-03-19,70071.0,61691.0,66883.0,68332.0,16144700.0,68332.0,0.0,0.0
2020-03-20,72247.0,66120.0,68344.0,67069.0,15152400.0,67069.0,0.0,0.0
2020-03-23,67604.0,62161.0,67067.0,63570.0,11962200.0,63570.0,0.0,0.0
2020-03-24,71535.0,63604.0,63604.0,69729.0,11679900.0,69729.0,0.0,0.0
2020-03-25,76714.0,69360.0,69727.0,74956.0,12951100.0,74956.0,0.0,0.0
2020-03-26,78846.0,74923.0,74956.0,77710.0,12758000.0,77710.0,0.0,0.0
2020-03-27,77708.0,73057.0,77708.0,73429.0,10301400.0,73429.0,0.0,0.0
2020-03-30,75430.0,73184.0,73431.0,74640.0,9032200.0,74640.0,0.6666666666666666,0.21222222222222223
2020-03-31,75511.0,72385.0,74629.0,73020.0,11141500.0,73020.0,0.0,0.32958333333333334
2020-04-01,73011.0,69569.0,73011.0,70967.0,10093500.0,70967.0,0.0,0.25
2020-04-02,73861.0,70957.0,70969.0,72253.0,10540200.0,72253.0,0.4,0.2128030303030303
2020-04-03,72241.0,67802.0,72241.0,69538.0,10411300.0,69538.0,0.0,0.0
2020-04-06,75260.0,69556.0,69556.0,74073.0,9685400.0,74073.0,0.5,0.2375
2020-04-07,79855.0,74078.0,74078.0,76358.0,11286500.0,76358.0,1.0,0.3333333333333333
2020-04-08,79058.0,76115.0,76335.0,78625.0,10206300.0,78625.0,0.0,0.0
2020-04-09,80428.0,77457.0,78640.0,77682.0,10748700.0,77682.0,0.0,0.125
2020-04-13,78836.0,76405.0,77682.0,78836.0,7651300.0,78836.0,0.0,0.1125
2020-04-14,81668.0,78848.0,78848.0,79918.0,8593600.0,79918.0,1.0,0.3324999999999999
2020-04-15,80035.0,77546.0,79911.0,78831.0,9758400.0,78831.0,0.0,0.0
2020-04-16,80167.0,77452.0,78837.0,77812.0,9028400.0,77812.0,0.0,0.025
2020-04-17,79846.0,77754.0,77817.0,78990.0,8317800.0,78990.0,0.0,0.0
2020-04-20,80106.0,76943.0,78989.0,78973.0,8874700.0,78973.0,0.0,0.0
2020-04-22,81184.0,78973.0,78973.0,80687.0,9848900.0,80687.0,0.0,0.0
2020-04-23,81934.0,78622.0,80690.0,79673.0,10823500.0,79673.0,0.0,0.0
2020-04-24,79667.0,72041.0,79667.0,75331.0,16529200.0,75331.0,0.0,0.0
2020-04-27,78563.0,75327.0,75334.0,78239.0,10656900.0,78239.0,0.0,0.0
2020-04-28,81427.0,78243.0,78243.0,81312.0,12939000.0,81312.0,0.0,0.0
2020-04-29,83598.0,81313.0,81313.0,83171.0,11719700.0,83171.0,0.0,0.0
2020-04-30,83169.0,80168.0,83169.0,80506.0,11804600.0,80506.0,0.0,0.0
2020-05-04,80502.0,77640.0,80501.0,78876.0,8594200.0,78876.0,0.0,0.0
2020-05-05,81066.0,78886.0,78887.0,79471.0,9154700.0,79471.0,1.0,0.375
2020-05-06,79996.0,78056.0,79473.0,79064.0,9775900.0,79064.0,0.5,0.25
2020-05-07,80061.0,78061.0,79072.0,78119.0,13808900.0,78119.0,0.0,0.0
2020-05-08,80557.0,78152.0,78152.0,80263.0,10734400.0,80263.0,0.0,0.0
2020-05-11,80723.0,78994.0,80263.0,79065.0,9781900.0,79065.0,0.0,0.0
2020-05-12,80344.0,77872.0,79065.0,77872.0,10245400.0,77872.0,0.0,0.0
2020-05-13,78911.0,77152.0,77877.0,77772.0,11575900.0,77772.0,0.0,0.0
2020-05-14,79011.0,75697.0,77770.0,79011.0,13818900.0,79011.0,0.0,0.0
2020-05-15,79538.0,77426.0,79011.0,77557.0,11718200.0,77557.0,0.0,0.0
2020-05-18,81420.0,77571.0,77576.0,81194.0,11533100.0,81194.0,0.5,0.140625
2020-05-19,82175.0,80647.0,81197.0,80742.0,10740100.0,80742.0,0.5,0.1958333333333333
2020-05-20,82290.0,80740.0,80747.0,81319.0,9522800.0,81319.0,0.0,0.125
2020-05-21,83309.0,81317.0,81320.0,83027.0,11395200.0,83027.0,0.0,0.0
2020-05-22,83027.0,81669.0,83027.0,82173.0,9281200.0,82173.0,0.0,0.0
2020-05-25,85876.0,82193.0,82198.0,85663.0,8764400.0,85663.0,0.0,0.0
2020-05-26,87333.0,85396.0,85668.0,85469.0,12030800.0,85469.0,0.0,0.0
2020-05-27,87946.0,85468.0,85468.0,87946.0,11212000.0,87946.0,0.0,0.0
2020-05-28,88091.0,86767.0,87946.0,86949.0,10117000.0,86949.0,0.5,0.14375
2020-05-29,87410.0,85384.0,86951.0,87403.0,16550900.0,87403.0,0.0,0.0
2020-06-01,89019.0,86837.0,87395.0,88620.0,9849400.0,88620.0,0.0,0.0
2020-06-02,91046.0,88622.0,88622.0,91046.0,11827300.0,91046.0,0.0,0.0
2020-06-03,93710.0,91048.0,91048.0,93002.0,15137900.0,93002.0,0.0,0.0
2020-06-04,94132.0,92221.0,92993.0,93829.0,11488000.0,93829.0,0.0,0.0
2020-06-05,97356.0,93839.0,93839.0,94637.0,13320300.0,94637.0,0.0,0.0
2020-06-08,97693.0,94635.0,94640.0,97645.0,11096500.0,97645.0,0.5,0.24958333333333332
2020-06-09,97644.0,95386.0,97644.0,96747.0,11278800.0,96747.0,0.0,0.041666666666666664
2020-06-10,97646.0,94665.0,96747.0,94686.0,11739600.0,94686.0,0.6666666666666666,0.2370833333333333
2020-06-12,94703.0,90811.0,94677.0,92795.0,12785600.0,92795.0,0.0,0.0
2020-06-15,93112.0,90148.0,92780.0,92376.0,13317500.0,92376.0,0.0,0.0
2020-06-16,95216.0,92387.0,92387.0,93531.0,12034200.0,93531.0,1.0,0.25
2020-06-17,96611.0,93531.0,93531.0,95547.0,11134700.0,95547.0,0.0,0.1125
2020-06-18,97110.0,94698.0,95547.0,96125.0,10008500.0,96125.0,0.0,0.0625
2020-06-19,97540.0,95874.0,96138.0,96572.0,13134400.0,96572.0,0.0,0.0
2020-06-22,96870.0,94869.0,96572.0,95336.0,8264700.0,95336.0,0.0,0.0
2020-06-23,97486.0,95344.0,95344.0,95975.0,9752700.0,95975.0,0.0,0.0
2020-06-24,95974.0,93259.0,95974.0,94377.0,9962700.0,94377.0,0.0,0.0
2020-06-25,96260.0,94152.0,94382.0,95983.0,8697900.0,95983.0,0.0,0.0
2020-06-26,95979.0,93514.0,95979.0,93834.0,8439100.0,93834.0,0.0,0.0
2020-06-29,95735.0,93825.0,93837.0,95735.0,8906800.0,95735.0,0.8,0.303
2020-06-30,96257.0,94806.0,95728.0,95056.0,10144500.0,95056.0,0.6666666666666666,0.28750000000000003
2020-07-01,96852.0,95062.0,95062.0,96203.0,10163300.0,96203.0,0.25,0.0925
2020-07-02,97864.0,96052.0,96206.0,96235.0,10062900.0,96235.0,0.0,0.0
2020-07-03,96765.0,95803.0,96237.0,96765.0,5351600.0,96765.0,0.0,0.0
2020-07-06,99257.0,96768.0,96776.0,98937.0,9489400.0,98937.0,0.6666666666666666,0.13875
2020-07-07,98938.0,97272.0,98937.0,97761.0,8951400.0,97761.0,0.0,0.240625
2020-07-08,99973.0,97765.0,97765.0,99770.0,9142700.0,99770.0,0.75,0.24609848484848484
2020-07-09,100191.0,98861.0,99770.0,99160.0,0.0,99160.0,0.16666666666666666,0.18819444444444444
2020-07-10,100101.0,98739.0,99160.0,100032.0,9147200.0,100032.0,0.0,0.0
2020-07-13,100858.0,98697.0,100027.0,98697.0,10382300.0,98697.0,0.0,0.0
2020-07-14,100632.0,98289.0,98699.0,100440.0,10019400.0,100440.0,0.0,0.0
2020-07-15,102114.0,100444.0,100444.0,101791.0,9285600.0,101791.0,0.0,0.0
2020-07-16,101792.0,100160.0,101791.0,100553.0,8127100.0,100553.0,0.0,0.0
2020-07-17,103017.0,100554.0,100554.0,102888.0,10429400.0,102888.0,0.0,0.0
2020-07-20,104439.0,102744.0,102888.0,104426.0,8931800.0,104426.0,0.0,0.0
2020-07-21,105449.0,103732.0,104426.0,104310.0,11105800.0,104310.0,0.0,0.0
2020-07-22,104980.0,103277.0,104312.0,104290.0,10833700.0,104290.0,0.0,0.0
2020-07-23,104949.0,102119.0,104291.0,102293.0,10366600.0,102293.0,0.0,0.0
2020-07-24,102694.0,100859.0,102292.0,102382.0,9795200.0,102382.0,0.0,0.0
2020-07-27,104585.0,102381.0,102381.0,104477.0,9622400.0,104477.0,0.0,0.0
2020-07-28,104663.0,103592.0,104477.0,104109.0,9087100.0,104109.0,0.0,0.0
2020-07-29,105704.0,104112.0,104112.0,105605.0,9238300.0,105605.0,0.0,0.0
2020-07-30,105607.0,103920.0,105605.0,105009.0,9591700.0,105009.0,0.0,0.0
2020-07-31,105462.0,102642.0,105010.0,102912.0,12929300.0,102912.0,0.0,0.0
2020-08-03,103863.0,102304.0,102913.0,102830.0,10901000.0,102830.0,0.3333333333333333,0.09710437710437708
2020-08-04,103012.0,100005.0,102826.0,101216.0,12029800.0,101216.0,0.3333333333333333,0.24166666666666667
2020-08-05,103763.0,101220.0,101220.0,102802.0,10922100.0,102802.0,0.3333333333333333,0.07638888888888887
2020-08-06,104523.0,102733.0,102733.0,104126.0,9686600.0,104126.0,0.0,0.0625
2020-08-07,104126.0,101957.0,104116.0,102776.0,10337100.0,102776.0,0.0,0.0
2020-08-10,103722.0,101282.0,102776.0,103444.0,8259500.0,103444.0,0.0,0.0
2020-08-11,104409.0,102174.0,103449.0,102174.0,9360900.0,102174.0,0.5,0.153125
2020-08-12,103116.0,100698.0,102176.0,102118.0,10114200.0,102118.0,0.25,0.1266098484848485
2020-08-13,103237.0,100187.0,102118.0,100461.0,10721300.0,100461.0,0.3333333333333333,0.1486111111111111
2020-08-14,101717.0,100445.0,100469.0,101353.0,8576300.0,101353.0,0.0,0.0
2020-08-17,101689.0,98513.0,101348.0,99595.0,10816200.0,99595.0,0.0,0.0
2020-08-18,102247.0,99597.0,99597.0,102065.0,9418700.0,102065.0,0.0,0.0
2020-08-19,102334.0,100800.0,102072.0,100854.0,10025800.0,100854.0,0.0,0.0
2020-08-20,101749.0,99131.0,100853.0,101468.0,9405000.0,101468.0,0.0,0.0
2020-08-21,101566.0,100412.0,101460.0,101521.0,9100200.0,101521.0,0.0,0.0
2020-08-24,102515.0,101525.0,101525.0,102298.0,7723000.0,102298.0,0.75,0.2300378787878788
2020-08-25,102708.0,101623.0,102293.0,102118.0,8170900.0,102118.0,0.0,0.05625
2020-08-26,102521.0,99359.0,102119.0,100627.0,9861200.0,100627.0,0.0,0.125
2020-08-27,101548.0,99857.0,100625.0,100624.0,7360600.0,100624.0,0.0,0.0625
2020-08-28,102347.0,100631.0,100631.0,102143.0,7665700.0,102143.0,0.0,0.0
2020-08-31,102142.0,99369.0,102142.0,99369.0,12226100.0,99369.0,0.0,0.0
2020-09-01,102238.0,99382.0,99382.0,102168.0,9384700.0,102168.0,0.3333333333333333,0.09791666666666667
2020-09-02,102824.0,100872.0,102168.0,101911.0,7557900.0,101911.0,0.6666666666666666,0.21420454545454545
2020-09-03,103226.0,99751.0,101911.0,100721.0,12611000.0,100721.0,0.0,0.041666666666666664
2020-09-04,101582.0,98961.0,100733.0,101242.0,11327400.0,101242.0,0.0,0.0
2020-09-08,101239.0,99373.0,101239.0,100050.0,8479000.0,100050.0,0.25,0.26780303030303027
2020-09-09,101578.0,100050.0,100050.0,101292.0,7955600.0,101292.0,0.5,0.22874999999999995
2020-09-10,101536.0,98687.0,101291.0,98835.0,8894600.0,98835.0,0.0,0.13125
2020-09-11,99435.0,97758.0,98839.0,98363.0,9107900.0,98363.0,0.0,0.0
2020-09-14,100520.0,98367.0,98367.0,100275.0,8182100.0,100275.0,0.3333333333333333,0.21527777777777776
2020-09-15,100949.0,99647.0,100277.0,100298.0,9216700.0,100298.0,0.5,0.1125
2020-09-16,100663.0,99663.0,100299.0,99676.0,7139400.0,99676.0,0.6666666666666666,0.14416666666666664
2020-09-17,100251.0,98562.0,99674.0,100098.0,0.0,100098.0,0.0,0.05208333333333332
2020-09-18,100102.0,98045.0,100098.0,98290.0,11370300.0,98290.0,0.0,0.0
2020-09-21,98283.0,95820.0,98283.0,96991.0,9738000.0,96991.0,0.0,0.0
2020-09-22,97684.0,96390.0,96995.0,97294.0,7281300.0,97294.0,0.0,0.0
2020-09-23,97389.0,95728.0,97294.0,95735.0,8830700.0,95735.0,0.0,0.0
2020-09-24,97955.0,95653.0,95735.0,97012.0,9331000.0,97012.0,0.0,0.0
2020-09-25,97012.0,95632.0,97011.0,96999.0,7351100.0,96999.0,0.0,0.0
2020-09-28,98314.0,94371.0,97005.0,94666.0,10508900.0,94666.0,0.16666666666666666,0.17152777777777775
2020-09-29,95505.0,93408.0,94665.0,93580.0,8737200.0,93580.0,0.6666666666666666,0.2861111111111111
2020-09-30,95340.0,93584.0,93586.0,94603.0,9454300.0,94603.0,0.25,0.08312499999999998
2020-10-01,95486.0,93599.0,94604.0,95479.0,9243500.0,95479.0,1.0,0.3199999999999999
2020-10-02,95996.0,93897.0,95475.0,94016.0,8584900.0,94016.0,0.0,0.0
2020-10-05,96414.0,93984.0,94019.0,96089.0,8616000.0,96089.0,0.3333333333333333,0.28777777777777774
2020-10-06,97405.0,95211.0,96091.0,95615.0,11299600.0,95615.0,0.25,0.20020833333333332
2020-10-07,96380.0,94881.0,95616.0,95526.0,9829900.0,95526.0,0.3333333333333333,0.24166666666666667
2020-10-08,97938.0,95530.0,95530.0,97920.0,11163600.0,97920.0,0.6,0.26209090909090904
2020-10-09,98642.0,97161.0,97924.0,97483.0,10810500.0,97483.0,0.0,0.0
2020-10-13,98998.0,97336.0,97483.0,98503.0,7867500.0,98503.0,0.5,0.33249999999999996
2020-10-14,99571.0,98501.0,98502.0,99334.0,8891000.0,99334.0,0.2,0.06611111111111109
2020-10-15,99486.0,97778.0,99328.0,99054.0,8335200.0,99054.0,0.0,0.125
2020-10-16,99172.0,98309.0,99054.0,98309.0,7840200.0,98309.0,0.0,0.0
2020-10-19,99917.0,98310.0,98310.0,98658.0,9929400.0,98658.0,0.0,0.0
2020-10-20,100722.0,98664.0,98664.0,100540.0,8796000.0,100540.0,0.0,0.0
2020-10-21,101586.0,100149.0,100541.0,100552.0,8661100.0,100552.0,0.0,0.0
2020-10-22,102020.0,100457.0,100553.0,101918.0,9556900.0,101918.0,0.0,0.0
2020-10-23,102218.0,101188.0,101918.0,101260.0,7561100.0,101260.0,0.0,0.0
2020-10-26,101784.0,99762.0,101260.0,101017.0,8070400.0,101017.0,0.0,0.0
2020-10-27,101660.0,99414.0,101017.0,99606.0,8672300.0,99606.0,0.0,0.0
2020-10-28,99598.0,95369.0,99598.0,95369.0,11051600.0,95369.0,0.0,0.0
2020-10-29,96688.0,93387.0,95368.0,96582.0,12704400.0,96582.0,0.0,0.0
2020-10-30,96579.0,93559.0,96579.0,93952.0,10643200.0,93952.0,0.0,0.0
2020-11-03,96250.0,93968.0,93968.0,95587.0,10191800.0,95587.0,0.0,0.0
2020-11-04,98296.0,95987.0,95992.0,97811.0,10704600.0,97811.0,0.0,0.0
2020-11-05,100922.0,97872.0,97873.0,100774.0,10455300.0,100774.0,0.0,0.0
2020-11-06,100928.0,99837.0,100751.0,100799.0,8382800.0,100799.0,0.0,0.0
2020-11-09,105147.0,100954.0,100954.0,103913.0,17410500.0,103913.0,0.5,0.5009523809523809
2020-11-10,105758.0,103453.0,103516.0,105351.0,16665200.0,105351.0,0.5,0.21296296296296294
2020-11-11,105462.0,104143.0,105067.0,104532.0,10841000.0,104532.0,0.3333333333333333,0.2206944444444444
2020-11-12,105019.0,102034.0,104810.0,102175.0,10860300.0,102175.0,0.3333333333333333,0.1346590909090909
2020-11-13,104707.0,102509.0,102509.0,104512.0,9772100.0,104512.0,0.0,0.0
2020-11-16,106518.0,104729.0,104729.0,106430.0,11724300.0,106430.0,0.25,0.19124999999999998
2020-11-17,107810.0,105847.0,106430.0,107229.0,10311000.0,107229.0,0.8333333333333334,0.3733712121212121
2020-11-18,107467.0,106217.0,107246.0,106483.0,10337300.0,106483.0,0.2,0.1835833333333333
2020-11-19,106973.0,105545.0,106117.0,106517.0,8555700.0,106517.0,0.4,0.22309090909090906
2020-11-23,107495.0,106050.0,106050.0,107379.0,9686000.0,107379.0,1.0,0.2897727272727273
2020-11-24,109956.0,107361.0,107378.0,109786.0,11934800.0,109786.0,0.5,0.1828125
2020-11-25,110596.0,109315.0,109786.0,110133.0,8564700.0,110133.0,0.3333333333333333,0.29416666666666663
2020-11-26,110245.0,109418.0,110133.0,110227.0,6166800.0,110227.0,0.0,0.15625
2020-11-27,111603.0,110161.0,110229.0,110575.0,8790300.0,110575.0,0.0,0.0
2020-11-30,110934.0,108829.0,110598.0,108888.0,19300000.0,108888.0,0.0,0.0
2020-12-01,111840.0,108897.0,108897.0,111335.0,11324800.0,111335.0,0.0,0.0
2020-12-02,112315.0,110579.0,111402.0,111814.0,9814300.0,111814.0,0.0,0.0
2020-12-03,113377.0,111874.0,111874.0,112919.0,11474200.0,112919.0,0.0,0.0
2020-12-04,113864.0,112294.0,112294.0,113682.0,8892900.0,113682.0,0.0,0.0
2020-12-07,114531.0,112629.0,113751.0,113625.0,9633900.0,113625.0,0.25,0.16624999999999998
2020-12-08,114381.0,112820.0,113590.0,113571.0,8810900.0,113571.0,0.2,0.2788333333333333
2020-12-09,114020.0,112567.0,113799.0,112722.0,8431100.0,112722.0,0.4,0.17341666666666666
2020-12-10,115262.0,112732.0,113002.0,114992.0,11803600.0,114992.0,0.2,0.13278787878787876
2020-12-11,115527.0,113949.0,115128.0,115323.0,8372300.0,115323.0,0.0,0.0
2020-12-14,115740.0,114431.0,115137.0,114975.0,8190900.0,114975.0,0.0,0.0
2020-12-15,116390.0,114613.0,114613.0,116146.0,8195100.0,116146.0,0.0,0.0
2020-12-16,118178.0,115496.0,116149.0,117947.0,9808100.0,117947.0,0.0,0.0
2020-12-17,119027.0,117856.0,117864.0,118157.0,7701400.0,118157.0,0.0,0.0
2020-12-18,119370.0,117639.0,118395.0,117679.0,8636000.0,117679.0,0.0,0.0
2020-12-21,118021.0,114730.0,118021.0,116016.0,10347100.0,116016.0,0.0,0.0
2020-12-22,116903.0,115648.0,115825.0,116348.0,6947900.0,116348.0,0.0,0.0
2020-12-23,118311.0,116636.0,116636.0,117857.0,6483300.0,117857.0,0.0,0.0
2020-12-28,119213.0,117805.0,117806.0,119051.0,7171700.0,119051.0,0.0,0.0
2020-12-29,119861.0,118750.0,119130.0,119475.0,6769700.0,119475.0,0.0,0.0
2020-12-30,120150.0,118919.0,119410.0,119306.0,8235700.0,119306.0,0.0,0.0
